{
  "type": "FeatureCollection",
  "features": [
    {
      "type": "Feature",
      "geometry": {
        "type": "Polygon",
        "coordinates": [
          [
            [
              121.1096930870001,
              16.521748781000042
            ],
            [
              121.10244163600009,
              16.534196375000022
            ],
            [
              121.09566999300012,
              16.537099315000034
            ],
            [
              121.09512930100004,
              16.523893911000073
            ],
            [
              121.09523099400008,
              16.51032389900007
            ],
            [
              121.10282476900011,
              16.512539299000025
            ],
            [
              121.10830937200001,
              16.507909356000027
            ],
            [
              121.10865624400003,
              16.507589166000059
            ],
            [
              121.10884302200009,
              16.507473542000071
            ],
            [
              121.10916321200011,
              16.507464648000052
            ],
            [
              121.10925215400005,
              16.507482436000032
            ],
            [
              121.10967907400004,
              16.507055516000037
            ],
            [
              121.10990142800006,
              16.507002151000052
            ],
            [
              121.11023051200004,
              16.507055516000037
            ],
            [
              121.11049733700008,
              16.507028833000049
            ],
            [
              121.11116440000001,
              16.507135564000066
            ],
            [
              121.11149348400011,
              16.507286764000071
            ],
            [
              121.11168026100006,
              16.507224505000067
            ],
            [
              121.11209828700009,
              16.507099987000061
            ],
            [
              121.1123473240001,
              16.507251188000055
            ],
            [
              121.11258746700003,
              16.507357918000025
            ],
            [
              121.11279203300012,
              16.507349024000064
            ],
            [
              121.11300549300006,
              16.50711777500004
            ],
            [
              121.11312519700004,
              16.507200329000057
            ],
            [
              121.11318466900002,
              16.507217321000041
            ],
            [
              121.11334326300005,
              16.507208825000077
            ],
            [
              121.11347353700012,
              16.507180505000065
            ],
            [
              121.11356982600012,
              16.507183337000072
            ],
            [
              121.11383037200005,
              16.507262634000028
            ],
            [
              121.11389834100009,
              16.507324938000068
            ],
            [
              121.11394648600003,
              16.507344763000049
            ],
            [
              121.11402295000005,
              16.507299450000062
            ],
            [
              121.11415039200006,
              16.507307946000026
            ],
            [
              121.11434863400007,
              16.507435388000033
            ],
            [
              121.11440527500008,
              16.507514685000046
            ],
            [
              121.11444676300005,
              16.507550922000064
            ],
            [
              121.11449023500006,
              16.507579821000036
            ],
            [
              121.11461201300006,
              16.50763646200005
            ],
            [
              121.11468847800006,
              16.507715759000064
            ],
            [
              121.11476211000002,
              16.507763903000068
            ],
            [
              121.11481025500007,
              16.507800720000034
            ],
            [
              121.11493203200007,
              16.507834704000061
            ],
            [
              121.11518408300003,
              16.507964977000029
            ],
            [
              121.11538798900006,
              16.507998962000045
            ],
            [
              121.11549277400002,
              16.508004626000059
            ],
            [
              121.11560605500006,
              16.508049938000056
            ],
            [
              121.11566552800002,
              16.508109411000078
            ],
            [
              121.11579863400004,
              16.508151891000068
            ],
            [
              121.11590341900001,
              16.508171716000049
            ],
            [
              121.11594023500004,
              16.508208532000026
            ],
            [
              121.11597988300002,
              16.508276501000068
            ],
            [
              121.11605918000009,
              16.508287829000039
            ],
            [
              121.11611582100011,
              16.508270837000055
            ],
            [
              121.11618945400005,
              16.508262341000034
            ],
            [
              121.11628007900003,
              16.50825667600003
            ],
            [
              121.11637353600008,
              16.508282165000026
            ],
            [
              121.11644433600009,
              16.508310485000038
            ],
            [
              121.11650947300006,
              16.508313317000045
            ],
            [
              121.11716084000011,
              16.508282165000026
            ],
            [
              121.11611339500007,
              16.513586831000055
            ],
            [
              121.1096930870001,
              16.521748781000042
            ]
          ]
        ]
      },
      "properties": {
        "brgy_name": "Ipil-Cuneg",
        "brgy_code": "025005022",
        "city_name": "Bayombong",
        "prov_name": "Nueva Vizcaya"
      }
    },
    {
      "type": "Feature",
      "geometry": {
        "type": "Polygon",
        "coordinates": [
          [
            [
              121.15492560000007,
              16.507051990000036
            ],
            [
              121.15157887500004,
              16.508559191000074
            ],
            [
              121.14529133400004,
              16.510151099000041
            ],
            [
              121.1201718100001,
              16.526458780000041
            ],
            [
              121.11669351900002,
              16.528317999000024
            ],
            [
              121.11369479500001,
              16.525320284000031
            ],
            [
              121.1148105740001,
              16.523066630000073
            ],
            [
              121.11440656200011,
              16.522585663000029
            ],
            [
              121.11402178800006,
              16.522335560000045
            ],
            [
              121.1135312020001,
              16.522325941000076
            ],
            [
              121.11275203600007,
              16.522220128000072
            ],
            [
              121.11203058600006,
              16.522046980000027
            ],
            [
              121.11109751000004,
              16.521816116000025
            ],
            [
              121.11067425900001,
              16.521623729000055
            ],
            [
              121.11021253100012,
              16.521594871000048
            ],
            [
              121.1096930870001,
              16.521748781000042
            ],
            [
              121.11611339500007,
              16.513586831000055
            ],
            [
              121.12176187900002,
              16.51689372800007
            ],
            [
              121.12254764400006,
              16.515098409000075
            ],
            [
              121.12280021800007,
              16.514968514000032
            ],
            [
              121.12197033100006,
              16.51144690600006
            ],
            [
              121.12257651000004,
              16.511252063000029
            ],
            [
              121.12264867400006,
              16.51120876400006
            ],
            [
              121.12270640500003,
              16.511151033000033
            ],
            [
              121.12326928500011,
              16.508019111000067
            ],
            [
              121.12630614200009,
              16.507203771000036
            ],
            [
              121.12643557400008,
              16.506901765000066
            ],
            [
              121.12666567400004,
              16.506729189000055
            ],
            [
              121.12691015600001,
              16.506657283000038
            ],
            [
              121.12715463800009,
              16.506642902000067
            ],
            [
              121.12725530600005,
              16.506556614000033
            ],
            [
              121.12744226300003,
              16.506355276000022
            ],
            [
              121.12772988900008,
              16.505952600000057
            ],
            [
              121.12800313300011,
              16.50563621200007
            ],
            [
              121.12817570800007,
              16.505204774000049
            ],
            [
              121.12843457100007,
              16.505003436000038
            ],
            [
              121.12880848400005,
              16.504787717000056
            ],
            [
              121.12886600900003,
              16.50448571000004
            ],
            [
              121.12880848400005,
              16.504054272000076
            ],
            [
              121.12883724700009,
              16.503838553000037
            ],
            [
              121.12900982200006,
              16.503579690000038
            ],
            [
              121.12908172900006,
              16.503248920000033
            ],
            [
              121.12926868500006,
              16.503033201000051
            ],
            [
              121.13051985600009,
              16.502040893000071
            ],
            [
              121.1331168050001,
              16.500687485000071
            ],
            [
              121.13341857400007,
              16.500138813000035
            ],
            [
              121.13358317600012,
              16.500001645000054
            ],
            [
              121.13487255500002,
              16.499498696000046
            ],
            [
              121.13767078100011,
              16.498410497000066
            ],
            [
              121.13803166100001,
              16.498289838000062
            ],
            [
              121.13756297700002,
              16.497303564000049
            ],
            [
              121.13790280600006,
              16.497168400000078
            ],
            [
              121.13923449600009,
              16.49668218000005
            ],
            [
              121.14266348400008,
              16.495524407000062
            ],
            [
              121.14277510200009,
              16.495506007000074
            ],
            [
              121.14534759100002,
              16.501001951000035
            ],
            [
              121.14857398800007,
              16.499409304000039
            ],
            [
              121.15082169000004,
              16.498506058000032
            ],
            [
              121.15137122900001,
              16.498030781000068
            ],
            [
              121.15394093000009,
              16.496494120000023
            ],
            [
              121.1574500270001,
              16.494903710000074
            ],
            [
              121.15814091800007,
              16.499225327000033
            ],
            [
              121.15492560000007,
              16.507051990000036
            ]
          ]
        ]
      },
      "properties": {
        "brgy_name": "La Torre North",
        "brgy_code": "025005008",
        "city_name": "Bayombong",
        "prov_name": "Nueva Vizcaya"
      }
    },
    {
      "type": "Feature",
      "geometry": {
        "type": "Polygon",
        "coordinates": [
          [
            [
              121.14277510200009,
              16.495506007000074
            ],
            [
              121.14266348400008,
              16.495524407000062
            ],
            [
              121.13923449600009,
              16.49668218000005
            ],
            [
              121.13790280600006,
              16.497168400000078
            ],
            [
              121.13756297700002,
              16.497303564000049
            ],
            [
              121.13803166100001,
              16.498289838000062
            ],
            [
              121.13767078100011,
              16.498410497000066
            ],
            [
              121.13487255500002,
              16.499498696000046
            ],
            [
              121.13358317600012,
              16.500001645000054
            ],
            [
              121.13341857400007,
              16.500138813000035
            ],
            [
              121.1331168050001,
              16.500687485000071
            ],
            [
              121.13051985600009,
              16.502040893000071
            ],
            [
              121.12926868500006,
              16.503033201000051
            ],
            [
              121.12908172900006,
              16.503248920000033
            ],
            [
              121.12900982200006,
              16.503579690000038
            ],
            [
              121.12883724700009,
              16.503838553000037
            ],
            [
              121.12880848400005,
              16.504054272000076
            ],
            [
              121.12886600900003,
              16.50448571000004
            ],
            [
              121.12880848400005,
              16.504787717000056
            ],
            [
              121.12843457100007,
              16.505003436000038
            ],
            [
              121.12817570800007,
              16.505204774000049
            ],
            [
              121.12800313300011,
              16.50563621200007
            ],
            [
              121.12772988900008,
              16.505952600000057
            ],
            [
              121.12744226300003,
              16.506355276000022
            ],
            [
              121.12725530600005,
              16.506556614000033
            ],
            [
              121.12715463800009,
              16.506642902000067
            ],
            [
              121.12691015600001,
              16.506657283000038
            ],
            [
              121.12666567400004,
              16.506729189000055
            ],
            [
              121.12643557400008,
              16.506901765000066
            ],
            [
              121.12630614200009,
              16.507203771000036
            ],
            [
              121.12326928500011,
              16.508019111000067
            ],
            [
              121.12270640500003,
              16.511151033000033
            ],
            [
              121.12264867400006,
              16.51120876400006
            ],
            [
              121.12257651000004,
              16.511252063000029
            ],
            [
              121.12197033100006,
              16.51144690600006
            ],
            [
              121.12280021800007,
              16.514968514000032
            ],
            [
              121.12254764400006,
              16.515098409000075
            ],
            [
              121.12176187900002,
              16.51689372800007
            ],
            [
              121.11611339500007,
              16.513586831000055
            ],
            [
              121.11716084000011,
              16.508282165000026
            ],
            [
              121.11722314500003,
              16.508262341000034
            ],
            [
              121.11733642600007,
              16.508123571000056
            ],
            [
              121.11738457100012,
              16.507964977000029
            ],
            [
              121.11747236400004,
              16.507888513000069
            ],
            [
              121.1176037780001,
              16.507838203000063
            ],
            [
              121.11811963900004,
              16.507802626000057
            ],
            [
              121.11868886600007,
              16.507660319000024
            ],
            [
              121.1189823740001,
              16.507437965000065
            ],
            [
              121.11933814000008,
              16.506939892000048
            ],
            [
              121.11959607100005,
              16.506174993000059
            ],
            [
              121.11976506000008,
              16.505943745000025
            ],
            [
              121.12000520300012,
              16.505739179000045
            ],
            [
              121.12033428700011,
              16.505623555000057
            ],
            [
              121.12038765200009,
              16.505436777000057
            ],
            [
              121.12024534500006,
              16.505241106000028
            ],
            [
              121.12033428700011,
              16.504992069000025
            ],
            [
              121.12047659400002,
              16.504876445000036
            ],
            [
              121.12077899600001,
              16.50473413800006
            ],
            [
              121.12104582100005,
              16.50454736100005
            ],
            [
              121.12115255100002,
              16.504369477000068
            ],
            [
              121.12131264600009,
              16.504387266000037
            ],
            [
              121.12142827000002,
              16.504458419000059
            ],
            [
              121.12158836500009,
              16.50437837100003
            ],
            [
              121.12166841200008,
              16.504156017000071
            ],
            [
              121.1218374020001,
              16.504058181000062
            ],
            [
              121.12191744900008,
              16.504120440000065
            ],
            [
              121.12199749700005,
              16.504316112000026
            ],
            [
              121.12217538000004,
              16.504298324000047
            ],
            [
              121.12229989800005,
              16.504156017000071
            ],
            [
              121.12231768700008,
              16.503995922000058
            ],
            [
              121.12221095700011,
              16.503640155000028
            ],
            [
              121.12233547500011,
              16.50331996500006
            ],
            [
              121.12256672300009,
              16.502990881000073
            ],
            [
              121.12281576000009,
              16.502750739000078
            ],
            [
              121.12288691300012,
              16.502394972000047
            ],
            [
              121.12307369100006,
              16.502332713000044
            ],
            [
              121.12330493900004,
              16.50236828900006
            ],
            [
              121.12350950500002,
              16.502430549000053
            ],
            [
              121.12372296500007,
              16.502403866000066
            ],
            [
              121.12380301300004,
              16.502101464000077
            ],
            [
              121.12394531900009,
              16.501630073000058
            ],
            [
              121.12432776900005,
              16.501363248000075
            ],
            [
              121.12471911200009,
              16.501434402000029
            ],
            [
              121.12487920700005,
              16.501478873000053
            ],
            [
              121.12495925500002,
              16.501443296000048
            ],
            [
              121.12503040800004,
              16.500954117000049
            ],
            [
              121.12511045500003,
              16.500776233000067
            ],
            [
              121.12529723300008,
              16.500767339000049
            ],
            [
              121.12545732800004,
              16.500963011000067
            ],
            [
              121.12559963500007,
              16.500989693000065
            ],
            [
              121.12562631700007,
              16.500909646000025
            ],
            [
              121.12573304700004,
              16.500776233000067
            ],
            [
              121.12583977700001,
              16.500811810000073
            ],
            [
              121.12585756600004,
              16.500927434000062
            ],
            [
              121.12610660200005,
              16.501034164000032
            ],
            [
              121.12631116800003,
              16.500918540000043
            ],
            [
              121.12642679200007,
              16.500625032000073
            ],
            [
              121.12661357000002,
              16.500536091000072
            ],
            [
              121.12679145300001,
              16.500660609000022
            ],
            [
              121.12702270200009,
              16.500696186000027
            ],
            [
              121.12720947900004,
              16.500607244000037
            ],
            [
              121.12749409300011,
              16.50056277300007
            ],
            [
              121.12777870600007,
              16.500633927000024
            ],
            [
              121.12797437800009,
              16.500749551000069
            ],
            [
              121.12812557800009,
              16.500731762000044
            ],
            [
              121.12848134500007,
              16.500491620000048
            ],
            [
              121.1286236520001,
              16.500464937000061
            ],
            [
              121.12876595900002,
              16.500544985000033
            ],
            [
              121.12897052400001,
              16.500607244000037
            ],
            [
              121.12929071500002,
              16.50056277300007
            ],
            [
              121.12929071500002,
              16.500420467000026
            ],
            [
              121.12918398400006,
              16.500251477000063
            ],
            [
              121.1291027420001,
              16.499839119000058
            ],
            [
              121.12931806400002,
              16.499414069000068
            ],
            [
              121.12946906800005,
              16.499114856000062
            ],
            [
              121.1295473670001,
              16.499117652000052
            ],
            [
              121.12962287000005,
              16.499095281000052
            ],
            [
              121.12967040800004,
              16.499058928000068
            ],
            [
              121.12969277900004,
              16.499056132000078
            ],
            [
              121.12970955800006,
              16.499117652000052
            ],
            [
              121.12974031800002,
              16.499156801000026
            ],
            [
              121.12977946700005,
              16.499151209000047
            ],
            [
              121.12979904200006,
              16.499109263000037
            ],
            [
              121.13010384800009,
              16.498647859000073
            ],
            [
              121.13012621900009,
              16.498558375000073
            ],
            [
              121.13017655400006,
              16.498331868000037
            ],
            [
              121.13020451800003,
              16.498261958000057
            ],
            [
              121.1303247620001,
              16.498208827000042
            ],
            [
              121.13052610200009,
              16.498052229000052
            ],
            [
              121.12986108500002,
              16.497493677000023
            ],
            [
              121.1297621330001,
              16.491699063000056
            ],
            [
              121.12980491100006,
              16.491592117000039
            ],
            [
              121.12978566100003,
              16.49147875400007
            ],
            [
              121.12974929900008,
              16.491309779000062
            ],
            [
              121.12979635500005,
              16.491237056000045
            ],
            [
              121.1298904680001,
              16.491207111000051
            ],
            [
              121.12996319100012,
              16.491245612000057
            ],
            [
              121.13004874800004,
              16.491252029000066
            ],
            [
              121.13014286100008,
              16.491211389000057
            ],
            [
              121.13019847200007,
              16.491151499000068
            ],
            [
              121.13019847200007,
              16.491055248000066
            ],
            [
              121.13025622300006,
              16.490946163000046
            ],
            [
              121.1303439190001,
              16.490832800000078
            ],
            [
              121.13044444800005,
              16.490792161000059
            ],
            [
              121.13053214400009,
              16.490787883000053
            ],
            [
              121.13057706100005,
              16.490809272000035
            ],
            [
              121.1306027280001,
              16.490875579000033
            ],
            [
              121.13063695100004,
              16.490888412000061
            ],
            [
              121.13071395200006,
              16.490896968000072
            ],
            [
              121.13074603600012,
              16.490933329000029
            ],
            [
              121.13085298200008,
              16.490937607000035
            ],
            [
              121.13094709400002,
              16.490922635000061
            ],
            [
              121.13098987300009,
              16.490845634000038
            ],
            [
              121.13098773400009,
              16.490779327000041
            ],
            [
              121.13093640000011,
              16.490738688000022
            ],
            [
              121.13095137200003,
              16.490683076000039
            ],
            [
              121.13103692900006,
              16.490552602000037
            ],
            [
              121.13100484500001,
              16.490477739000028
            ],
            [
              121.13088078800001,
              16.490396461000046
            ],
            [
              121.13087981500007,
              16.490358745000037
            ],
            [
              121.13094073900004,
              16.490236897000045
            ],
            [
              121.13112351100006,
              16.490132456000026
            ],
            [
              121.13147164800012,
              16.49028041400004
            ],
            [
              121.1316021990001,
              16.490236897000045
            ],
            [
              121.13170664000006,
              16.490123752000045
            ],
            [
              121.13188941200008,
              16.48996709100004
            ],
            [
              121.13202866600011,
              16.490071532000059
            ],
            [
              121.13223754800003,
              16.490254304000075
            ],
            [
              121.13261179500012,
              16.49028041400004
            ],
            [
              121.13280327100006,
              16.490149863000056
            ],
            [
              121.13297733900004,
              16.490106346000061
            ],
            [
              121.13307307700006,
              16.489940981000075
            ],
            [
              121.13306437300002,
              16.489758209000058
            ],
            [
              121.13318415100002,
              16.489650227000027
            ],
            [
              121.13334750100012,
              16.48941320800003
            ],
            [
              121.13340835700001,
              16.489387584000042
            ],
            [
              121.13345640200009,
              16.489461252000069
            ],
            [
              121.13356209900007,
              16.489467658000024
            ],
            [
              121.13371584100003,
              16.48930751100005
            ],
            [
              121.13389520600003,
              16.48917939200004
            ],
            [
              121.13394645400001,
              16.489176189000034
            ],
            [
              121.1340489480001,
              16.489240249000034
            ],
            [
              121.13413222500003,
              16.489272278000044
            ],
            [
              121.13425714000005,
              16.489224234000062
            ],
            [
              121.13436283800002,
              16.489099319000047
            ],
            [
              121.13442689700003,
              16.488987215000066
            ],
            [
              121.13452618800011,
              16.488500366000039
            ],
            [
              121.13454860900003,
              16.488071171000058
            ],
            [
              121.13458384100011,
              16.488007111000059
            ],
            [
              121.13465110300001,
              16.488003909000042
            ],
            [
              121.13467032100004,
              16.487955864000071
            ],
            [
              121.13463188600008,
              16.487914226000044
            ],
            [
              121.13462227700006,
              16.48782774600005
            ],
            [
              121.13467993000006,
              16.487760484000034
            ],
            [
              121.13477601800003,
              16.487725252000075
            ],
            [
              121.13484968600005,
              16.487706034000041
            ],
            [
              121.13490093400003,
              16.487616351000042
            ],
            [
              121.13494257200011,
              16.487574713000072
            ],
            [
              121.13504186400007,
              16.48756830700006
            ],
            [
              121.13509951700007,
              16.487651584000048
            ],
            [
              121.13512834300002,
              16.487715643000058
            ],
            [
              121.13527888200008,
              16.487792514000034
            ],
            [
              121.13542621800002,
              16.48782774600005
            ],
            [
              121.13561198900004,
              16.487805325000068
            ],
            [
              121.13568886000007,
              16.487811731000022
            ],
            [
              121.1358233840001,
              16.487830949000056
            ],
            [
              121.1361180560001,
              16.487981488000059
            ],
            [
              121.13625898600003,
              16.488080779000029
            ],
            [
              121.13643194500003,
              16.488138433000074
            ],
            [
              121.13658568700009,
              16.488122418000046
            ],
            [
              121.13725190100001,
              16.487907820000032
            ],
            [
              121.13740884600008,
              16.487901414000078
            ],
            [
              121.13748251400011,
              16.487814934000028
            ],
            [
              121.13750173200003,
              16.487741266000057
            ],
            [
              121.13744728200004,
              16.487625960000059
            ],
            [
              121.13752095000007,
              16.487619554000048
            ],
            [
              121.1376586770001,
              16.487651584000048
            ],
            [
              121.13774195300005,
              16.487590728000043
            ],
            [
              121.13780601200006,
              16.487555495000038
            ],
            [
              121.13779960700003,
              16.48747221800005
            ],
            [
              121.13771953300011,
              16.487398550000023
            ],
            [
              121.13763945900007,
              16.487340897000024
            ],
            [
              121.13762985000005,
              16.487260823000042
            ],
            [
              121.1377163300001,
              16.487225591000026
            ],
            [
              121.13782202700008,
              16.487228794000032
            ],
            [
              121.13791491300003,
              16.487203170000043
            ],
            [
              121.13803342200003,
              16.487183952000066
            ],
            [
              121.13807826300001,
              16.487231997000038
            ],
            [
              121.13812310500009,
              16.487296056000048
            ],
            [
              121.13816154000006,
              16.487337694000075
            ],
            [
              121.13828325200006,
              16.487308868000071
            ],
            [
              121.1383633260001,
              16.487257620000037
            ],
            [
              121.13852347400007,
              16.487238403000049
            ],
            [
              121.13866760700012,
              16.487206373000049
            ],
            [
              121.13874768100004,
              16.487123096000062
            ],
            [
              121.13882134900007,
              16.487065443000063
            ],
            [
              121.1388950170001,
              16.487027008000041
            ],
            [
              121.13898790200005,
              16.487059037000051
            ],
            [
              121.13898790200005,
              16.487126299000067
            ],
            [
              121.13902633800001,
              16.487190358000078
            ],
            [
              121.13904875800006,
              16.487276838000071
            ],
            [
              121.13910641100006,
              16.487264026000048
            ],
            [
              121.13912562900009,
              16.487187155000072
            ],
            [
              121.13921531200003,
              16.487091067000051
            ],
            [
              121.14026825300004,
              16.488997905000076
            ],
            [
              121.14149093500009,
              16.490476803000035
            ],
            [
              121.14277156100002,
              16.495346957000038
            ],
            [
              121.14277510200009,
              16.495506007000074
            ]
          ]
        ]
      },
      "properties": {
        "brgy_name": "La Torre South",
        "brgy_code": "025005023",
        "city_name": "Bayombong",
        "prov_name": "Nueva Vizcaya"
      }
    },
    {
      "type": "Feature",
      "geometry": {
        "type": "Polygon",
        "coordinates": [
          [
            [
              121.1416367920001,
              16.454737384000055
            ],
            [
              121.13450286000011,
              16.459918234000043
            ],
            [
              121.12472599700004,
              16.470946514000048
            ],
            [
              121.12412573000006,
              16.46927757800006
            ],
            [
              121.12357478600006,
              16.467460953000057
            ],
            [
              121.12251756900002,
              16.465971916000058
            ],
            [
              121.12082006700007,
              16.465197616000069
            ],
            [
              121.11904811300008,
              16.464393536000046
            ],
            [
              121.1173803910001,
              16.462219542000071
            ],
            [
              121.11545953300003,
              16.460313575000043
            ],
            [
              121.11502771300002,
              16.459598837000044
            ],
            [
              121.11455122100006,
              16.458109800000045
            ],
            [
              121.11383648300011,
              16.456531420000033
            ],
            [
              121.11296872300011,
              16.455482079000035
            ],
            [
              121.11226702200008,
              16.454457595000065
            ],
            [
              121.11193020600001,
              16.453250668000067
            ],
            [
              121.11216878400012,
              16.451819198000067
            ],
            [
              121.11257577100002,
              16.450626306000061
            ],
            [
              121.11253366900007,
              16.449265005000029
            ],
            [
              121.11201441000003,
              16.447959841000056
            ],
            [
              121.11128464000001,
              16.446949391000032
            ],
            [
              121.11053017100005,
              16.445797777000053
            ],
            [
              121.10994673000005,
              16.443493186000069
            ],
            [
              121.11012176300005,
              16.44185955100005
            ],
            [
              121.11129215200003,
              16.432976042000064
            ],
            [
              121.11334770600001,
              16.433211638000046
            ],
            [
              121.13823318800007,
              16.435841534000076
            ],
            [
              121.13925300700009,
              16.436189159000037
            ],
            [
              121.13950966900006,
              16.43623874900004
            ],
            [
              121.13972612200007,
              16.436262200000044
            ],
            [
              121.13999113900002,
              16.436232790000076
            ],
            [
              121.14041735000001,
              16.436199905000024
            ],
            [
              121.14102828900002,
              16.436196969000036
            ],
            [
              121.14149746300006,
              16.436133537000046
            ],
            [
              121.14214524400006,
              16.435995018000028
            ],
            [
              121.14229969600001,
              16.435929330000022
            ],
            [
              121.14975979200005,
              16.435432804000072
            ],
            [
              121.18043867800009,
              16.433465841000043
            ],
            [
              121.17969869100011,
              16.435071748000041
            ],
            [
              121.1787836960001,
              16.43569771600005
            ],
            [
              121.17747870100004,
              16.436317687000042
            ],
            [
              121.17580071200007,
              16.437669616000051
            ],
            [
              121.17467872900011,
              16.439916487000062
            ],
            [
              121.17382474800002,
              16.442460338000046
            ],
            [
              121.1416367920001,
              16.454737384000055
            ]
          ]
        ]
      },
      "properties": {
        "brgy_name": "Magapuy",
        "brgy_code": "025005009",
        "city_name": "Bayombong",
        "prov_name": "Nueva Vizcaya"
      }
    },
    {
      "type": "Feature",
      "geometry": {
        "type": "Polygon",
        "coordinates": [
          [
            [
              121.1574500270001,
              16.494903710000074
            ],
            [
              121.15394093000009,
              16.496494120000023
            ],
            [
              121.15137122900001,
              16.498030781000068
            ],
            [
              121.15082169000004,
              16.498506058000032
            ],
            [
              121.14857398800007,
              16.499409304000039
            ],
            [
              121.14534759100002,
              16.501001951000035
            ],
            [
              121.14277510200009,
              16.495506007000074
            ],
            [
              121.14277156100002,
              16.495346957000038
            ],
            [
              121.14149093500009,
              16.490476803000035
            ],
            [
              121.14373555900011,
              16.488924446000055
            ],
            [
              121.14645205800002,
              16.487277810000023
            ],
            [
              121.15212984400011,
              16.489183422000053
            ],
            [
              121.15278990800005,
              16.490210470000022
            ],
            [
              121.1529538530001,
              16.490470520000031
            ],
            [
              121.15325913000004,
              16.491211099000054
            ],
            [
              121.15376227100012,
              16.492228687000022
            ],
            [
              121.15403928100011,
              16.492760095000051
            ],
            [
              121.15432194400012,
              16.493195397000022
            ],
            [
              121.15527734700004,
              16.494399543000043
            ],
            [
              121.15548086500007,
              16.494733086000053
            ],
            [
              121.1574500270001,
              16.494903710000074
            ]
          ]
        ]
      },
      "properties": {
        "brgy_name": "Luyang",
        "brgy_code": "025005024",
        "city_name": "Bayombong",
        "prov_name": "Nueva Vizcaya"
      }
    },
    {
      "type": "Feature",
      "geometry": {
        "type": "Polygon",
        "coordinates": [
          [
            [
              121.1297621330001,
              16.491699063000056
            ],
            [
              121.1296316590001,
              16.491750397000033
            ],
            [
              121.12941348900006,
              16.491724730000044
            ],
            [
              121.12918890200001,
              16.491604950000067
            ],
            [
              121.12910548400009,
              16.491622062000033
            ],
            [
              121.12902634400007,
              16.491696924000053
            ],
            [
              121.12896431600007,
              16.49174825800003
            ],
            [
              121.12884667500009,
              16.491739702000075
            ],
            [
              121.12874186800002,
              16.491673396000067
            ],
            [
              121.12854722600002,
              16.49160708900007
            ],
            [
              121.12833547300011,
              16.491645590000076
            ],
            [
              121.12821783300001,
              16.491750397000033
            ],
            [
              121.12816436000003,
              16.491919372000041
            ],
            [
              121.12793763400009,
              16.492019901000049
            ],
            [
              121.12789057800001,
              16.492116152000051
            ],
            [
              121.12783282700002,
              16.492158931000063
            ],
            [
              121.12775154800011,
              16.492173903000037
            ],
            [
              121.12761251800009,
              16.492152514000054
            ],
            [
              121.12752696100006,
              16.492135402000031
            ],
            [
              121.12743712700001,
              16.492178181000043
            ],
            [
              121.12733659700007,
              16.492184598000051
            ],
            [
              121.12722109600008,
              16.492178181000043
            ],
            [
              121.1270991770001,
              16.49212256900006
            ],
            [
              121.12702431500009,
              16.492030595000074
            ],
            [
              121.12697512000011,
              16.492019901000049
            ],
            [
              121.12694517500006,
              16.492062679000071
            ],
            [
              121.12689811900009,
              16.492135402000031
            ],
            [
              121.12682325700007,
              16.49221026500004
            ],
            [
              121.12665000400011,
              16.492261599000074
            ],
            [
              121.12648744600006,
              16.492253043000062
            ],
            [
              121.12635697200005,
              16.492293683000071
            ],
            [
              121.12634200000002,
              16.492383517000064
            ],
            [
              121.12637836100009,
              16.492434851000041
            ],
            [
              121.12654733600004,
              16.492479769000056
            ],
            [
              121.12668850500006,
              16.492526825000027
            ],
            [
              121.12673342200003,
              16.492599548000044
            ],
            [
              121.12669919900009,
              16.492768523000052
            ],
            [
              121.12665428200012,
              16.49292252500004
            ],
            [
              121.12643183400007,
              16.493014499000026
            ],
            [
              121.12618585900009,
              16.493138556000076
            ],
            [
              121.12587999300001,
              16.493236946000025
            ],
            [
              121.12570284900005,
              16.49323823900005
            ],
            [
              121.12563218900004,
              16.49325237100004
            ],
            [
              121.12555093000003,
              16.493520879000073
            ],
            [
              121.12557566100008,
              16.493577407000032
            ],
            [
              121.12568165100004,
              16.493672798000034
            ],
            [
              121.12570991500002,
              16.49375759000003
            ],
            [
              121.12569931600001,
              16.493867113000022
            ],
            [
              121.12562512300008,
              16.493863580000038
            ],
            [
              121.12554386400006,
              16.493838849000042
            ],
            [
              121.12546613800009,
              16.493838849000042
            ],
            [
              121.12540254300006,
              16.493941306000067
            ],
            [
              121.12541667500011,
              16.494072027000072
            ],
            [
              121.12544140600005,
              16.494167418000075
            ],
            [
              121.12546260500005,
              16.49425221000007
            ],
            [
              121.12543080700004,
              16.494305206000035
            ],
            [
              121.12532835000002,
              16.494301673000052
            ],
            [
              121.12524709100001,
              16.494245144000047
            ],
            [
              121.12509870500003,
              16.494223946000034
            ],
            [
              121.12506337500008,
              16.494273409000073
            ],
            [
              121.12507750700001,
              16.494326404000049
            ],
            [
              121.12508457300009,
              16.494400597000038
            ],
            [
              121.12480546600011,
              16.494563115000062
            ],
            [
              121.12476307000009,
              16.494499521000023
            ],
            [
              121.12466767900003,
              16.494457125000054
            ],
            [
              121.12458642000001,
              16.494534851000026
            ],
            [
              121.12452282600009,
              16.494676171000037
            ],
            [
              121.12446983100006,
              16.494764496000073
            ],
            [
              121.12438857200004,
              16.494824557000072
            ],
            [
              121.12439210500008,
              16.494895217000078
            ],
            [
              121.12442743500003,
              16.495011806000036
            ],
            [
              121.12443096800007,
              16.495110730000022
            ],
            [
              121.12434617600002,
              16.495174324000061
            ],
            [
              121.12427803100002,
              16.495189799000059
            ],
            [
              121.12420903200007,
              16.495132300000023
            ],
            [
              121.12413236700002,
              16.495093967000059
            ],
            [
              121.12401736900006,
              16.495009635000031
            ],
            [
              121.12392153700011,
              16.49497513600005
            ],
            [
              121.12386020500003,
              16.49503263500003
            ],
            [
              121.12381420500003,
              16.495124633000046
            ],
            [
              121.12374904000001,
              16.495189799000059
            ],
            [
              121.12366470800009,
              16.495212799000058
            ],
            [
              121.12346154400007,
              16.495212799000058
            ],
            [
              121.12335421300008,
              16.495285631000058
            ],
            [
              121.12328138000009,
              16.495350796000025
            ],
            [
              121.12317404900011,
              16.495400629000073
            ],
            [
              121.12311655000008,
              16.495653625000045
            ],
            [
              121.12304371800008,
              16.49569579100006
            ],
            [
              121.12273705600001,
              16.495703457000047
            ],
            [
              121.12267572300004,
              16.495657458000039
            ],
            [
              121.12261055800002,
              16.495626792000053
            ],
            [
              121.1225262260001,
              16.495626792000053
            ],
            [
              121.12244956000006,
              16.495607626000037
            ],
            [
              121.12246106000009,
              16.495546293000075
            ],
            [
              121.12248406000003,
              16.49543129500006
            ],
            [
              121.12249172600002,
              16.495258798000066
            ],
            [
              121.12247639300006,
              16.495185966000065
            ],
            [
              121.12241506100008,
              16.495136133000074
            ],
            [
              121.12234222900008,
              16.495132300000023
            ],
            [
              121.12225789700005,
              16.495185966000065
            ],
            [
              121.12218506500005,
              16.495243465000044
            ],
            [
              121.12207006600011,
              16.495243465000044
            ],
            [
              121.12200873400002,
              16.495274131000031
            ],
            [
              121.1219512350001,
              16.495277964000024
            ],
            [
              121.12184390300001,
              16.495331630000067
            ],
            [
              121.12173657200003,
              16.495385296000052
            ],
            [
              121.12162540700001,
              16.495392962000039
            ],
            [
              121.12158324100005,
              16.495435128000054
            ],
            [
              121.12147207600003,
              16.495484961000045
            ],
            [
              121.12136091100001,
              16.495484961000045
            ],
            [
              121.12131874500005,
              16.495408296000051
            ],
            [
              121.1212765790001,
              16.495289464000052
            ],
            [
              121.12124207900001,
              16.495235798000067
            ],
            [
              121.1209392510001,
              16.495086301000072
            ],
            [
              121.12072842100008,
              16.494990469000072
            ],
            [
              121.12057125700005,
              16.494825638000066
            ],
            [
              121.12039109300008,
              16.494794972000022
            ],
            [
              121.12018792900005,
              16.494844804000024
            ],
            [
              121.12010359700002,
              16.494844804000024
            ],
            [
              121.11989660100005,
              16.494833305000043
            ],
            [
              121.11967043800007,
              16.494794972000022
            ],
            [
              121.11953627300011,
              16.494760472000053
            ],
            [
              121.11926794400006,
              16.494802638000067
            ],
            [
              121.11882711800001,
              16.494802638000067
            ],
            [
              121.11865462000003,
              16.494756639000059
            ],
            [
              121.11836712500008,
              16.494633974000067
            ],
            [
              121.11811412900011,
              16.494465310000066
            ],
            [
              121.1179952980001,
              16.494419311000058
            ],
            [
              121.11792629900003,
              16.494472977000044
            ],
            [
              121.11783430000003,
              16.494595642000036
            ],
            [
              121.11747780600001,
              16.494699140000023
            ],
            [
              121.11717881000004,
              16.494595642000036
            ],
            [
              121.11702164600001,
              16.494534309000073
            ],
            [
              121.1169373140001,
              16.494526643000029
            ],
            [
              121.11677248400008,
              16.494538143000057
            ],
            [
              121.11660382000002,
              16.494549642000038
            ],
            [
              121.1164274890001,
              16.494400145000043
            ],
            [
              121.11624732500002,
              16.494315813000071
            ],
            [
              121.11612466100007,
              16.494231481000043
            ],
            [
              121.11598666300006,
              16.494262147000029
            ],
            [
              121.11574133300007,
              16.494434644000023
            ],
            [
              121.11545000500007,
              16.494587975000059
            ],
            [
              121.11536567300004,
              16.494699140000023
            ],
            [
              121.11530050700003,
              16.494725973000072
            ],
            [
              121.11516634200007,
              16.494791139000029
            ],
            [
              121.11511651000001,
              16.494860138000035
            ],
            [
              121.11502451100012,
              16.494883137000045
            ],
            [
              121.11496701200008,
              16.494860138000035
            ],
            [
              121.11488268000005,
              16.494879304000051
            ],
            [
              121.11478684800011,
              16.494890804000022
            ],
            [
              121.11471401600011,
              16.494879304000051
            ],
            [
              121.11464501700004,
              16.49490230400005
            ],
            [
              121.11458751800001,
              16.494955969000046
            ],
            [
              121.11451468600001,
              16.494990469000072
            ],
            [
              121.11445718700008,
              16.495128467000029
            ],
            [
              121.11435368900004,
              16.495231965000073
            ],
            [
              121.11426935700001,
              16.495289464000052
            ],
            [
              121.11420802400005,
              16.495235798000067
            ],
            [
              121.11413519200005,
              16.49523963200005
            ],
            [
              121.11413519200005,
              16.495323964000022
            ],
            [
              121.11412369200002,
              16.495423629000072
            ],
            [
              121.11404702700008,
              16.495488794000039
            ],
            [
              121.11391669600005,
              16.49546579500003
            ],
            [
              121.11385153000003,
              16.49543129500006
            ],
            [
              121.11374419800006,
              16.495458128000053
            ],
            [
              121.11370203200011,
              16.495415962000038
            ],
            [
              121.11354486800008,
              16.495530960000053
            ],
            [
              121.11354486800008,
              16.495603792000054
            ],
            [
              121.11350653500006,
              16.495737957000074
            ],
            [
              121.11342987000012,
              16.495737957000074
            ],
            [
              121.11338387100011,
              16.495841455000061
            ],
            [
              121.11328803900005,
              16.495883621000075
            ],
            [
              121.11322670600009,
              16.495883621000075
            ],
            [
              121.1131730410001,
              16.495941120000055
            ],
            [
              121.11319220700011,
              16.496025452000026
            ],
            [
              121.11319220700011,
              16.496105951000061
            ],
            [
              121.11309254200012,
              16.496251615000062
            ],
            [
              121.1129813770001,
              16.496305281000048
            ],
            [
              121.11280504600006,
              16.496305281000048
            ],
            [
              121.1127168810001,
              16.496362780000027
            ],
            [
              121.11267471500003,
              16.496443279000061
            ],
            [
              121.11266321500011,
              16.49656211100006
            ],
            [
              121.11260955000012,
              16.496661776000053
            ],
            [
              121.10870317200011,
              16.496525319000057
            ],
            [
              121.09774918300002,
              16.496143127000039
            ],
            [
              121.09520560100009,
              16.500509117000036
            ],
            [
              121.08950480600004,
              16.503890201000047
            ],
            [
              121.07201009900007,
              16.483733524000058
            ],
            [
              121.09963086400012,
              16.485907655000062
            ],
            [
              121.10002107900004,
              16.485936711000022
            ],
            [
              121.10635789500009,
              16.484859930000027
            ],
            [
              121.10813749400006,
              16.484715301000051
            ],
            [
              121.10829709800009,
              16.484775529000046
            ],
            [
              121.1084356230001,
              16.484784563000062
            ],
            [
              121.1087939790001,
              16.484706267000035
            ],
            [
              121.10908307300008,
              16.48460086800003
            ],
            [
              121.10937517900004,
              16.484251545000063
            ],
            [
              121.1094805780001,
              16.484203363000063
            ],
            [
              121.10982387700005,
              16.484239500000058
            ],
            [
              121.11011297200002,
              16.484070861000077
            ],
            [
              121.11040206600001,
              16.483736596000028
            ],
            [
              121.11059178400001,
              16.483586026000069
            ],
            [
              121.11084775300003,
              16.483239715000025
            ],
            [
              121.11548586700007,
              16.481566472000054
            ],
            [
              121.11589494700002,
              16.481027231000041
            ],
            [
              121.11830314200006,
              16.479987471000072
            ],
            [
              121.11836603100005,
              16.479888173000063
            ],
            [
              121.11850504800009,
              16.479851763000056
            ],
            [
              121.11859441600006,
              16.479888173000063
            ],
            [
              121.11866392500008,
              16.479868313000054
            ],
            [
              121.11867716500001,
              16.47979880400004
            ],
            [
              121.11864406500001,
              16.479696196000077
            ],
            [
              121.11863413600008,
              16.479653167000038
            ],
            [
              121.1187003340001,
              16.479616758000077
            ],
            [
              121.11880294200012,
              16.479510840000046
            ],
            [
              121.1188327320001,
              16.479388372000074
            ],
            [
              121.11877646300002,
              16.479272524000066
            ],
            [
              121.11874667300003,
              16.479199706000031
            ],
            [
              121.11877977300003,
              16.479107027000055
            ],
            [
              121.11884928100005,
              16.47903751900003
            ],
            [
              121.11894858000005,
              16.479027589000054
            ],
            [
              121.11911407600007,
              16.479073928000048
            ],
            [
              121.11930936300007,
              16.479014349000067
            ],
            [
              121.11950795900009,
              16.479017659000021
            ],
            [
              121.11952185100006,
              16.479013846000043
            ],
            [
              121.11967676600011,
              16.478971320000028
            ],
            [
              121.11980254300011,
              16.478895191000049
            ],
            [
              121.11980254300011,
              16.478782654000042
            ],
            [
              121.11972641500006,
              16.478709835000075
            ],
            [
              121.11973303500008,
              16.478666806000035
            ],
            [
              121.11977606400001,
              16.478650256000037
            ],
            [
              121.11987867200003,
              16.478610537000066
            ],
            [
              121.1199316310001,
              16.478541028000052
            ],
            [
              121.11992501100008,
              16.478504619000034
            ],
            [
              121.11986564900008,
              16.478382960000033
            ],
            [
              121.11983191900003,
              16.478313833000072
            ],
            [
              121.11977382400005,
              16.478282365000041
            ],
            [
              121.11977866500001,
              16.478224269000066
            ],
            [
              121.11982223700011,
              16.478183118000061
            ],
            [
              121.11991180100006,
              16.478195222000068
            ],
            [
              121.11995299200009,
              16.478222682000023
            ],
            [
              121.11995537200005,
              16.478224269000066
            ],
            [
              121.1199626340001,
              16.478289627000038
            ],
            [
              121.12005703900002,
              16.478371928000058
            ],
            [
              121.12019743600001,
              16.478403397000022
            ],
            [
              121.12027247600008,
              16.478386452000052
            ],
            [
              121.12028215900011,
              16.478306571000076
            ],
            [
              121.12023858700002,
              16.478217007000069
            ],
            [
              121.12016623200009,
              16.478174348000039
            ],
            [
              121.12017185800005,
              16.47808995500003
            ],
            [
              121.12025062500004,
              16.478084328000023
            ],
            [
              121.12035752400004,
              16.478129338000031
            ],
            [
              121.12050943300005,
              16.478134965000038
            ],
            [
              121.12052631200004,
              16.477994308000063
            ],
            [
              121.12043066600006,
              16.477819894000049
            ],
            [
              121.12032376700006,
              16.477741127000058
            ],
            [
              121.12030126200011,
              16.47758359200003
            ],
            [
              121.11903282600008,
              16.476144313000077
            ],
            [
              121.12024640800007,
              16.475429062000046
            ],
            [
              121.12055126900009,
              16.47533525800003
            ],
            [
              121.12060488400004,
              16.475270442000067
            ],
            [
              121.12059638800008,
              16.475227962000076
            ],
            [
              121.12056885700008,
              16.475171102000047
            ],
            [
              121.12052781800003,
              16.475071436000064
            ],
            [
              121.12082681700008,
              16.474790026000051
            ],
            [
              121.12098511000011,
              16.474690360000068
            ],
            [
              121.12118686500003,
              16.474590756000055
            ],
            [
              121.12201098500009,
              16.474136215000044
            ],
            [
              121.12204089800002,
              16.474074427000062
            ],
            [
              121.12231735100011,
              16.473993117000077
            ],
            [
              121.12250436400006,
              16.473944331000041
            ],
            [
              121.12260193600002,
              16.473822366000036
            ],
            [
              121.12250436400006,
              16.473667877000025
            ],
            [
              121.12255315000004,
              16.473554043000036
            ],
            [
              121.12271577000001,
              16.473562174000051
            ],
            [
              121.1229678310001,
              16.473732925000036
            ],
            [
              121.12319549900008,
              16.473781711000072
            ],
            [
              121.12344756000005,
              16.473643484000036
            ],
            [
              121.12362644200005,
              16.473448340000061
            ],
            [
              121.12400046700009,
              16.473220672000025
            ],
            [
              121.1258607310001,
              16.472109616000068
            ],
            [
              121.12668341300002,
              16.472379115000024
            ],
            [
              121.12740680600007,
              16.472435852000046
            ],
            [
              121.1285840920001,
              16.472336562000066
            ],
            [
              121.13078263800003,
              16.471627354000077
            ],
            [
              121.13234289700006,
              16.471173460000045
            ],
            [
              121.13410173400007,
              16.471187645000043
            ],
            [
              121.13410763600007,
              16.471189982000055
            ],
            [
              121.1355343350001,
              16.471755011000027
            ],
            [
              121.13638538600003,
              16.472733719000075
            ],
            [
              121.13811585400003,
              16.47318761300005
            ],
            [
              121.13668894700004,
              16.47440311500003
            ],
            [
              121.13621331200011,
              16.474609912000062
            ],
            [
              121.13559291900003,
              16.474661612000034
            ],
            [
              121.13524136300009,
              16.474785691000022
            ],
            [
              121.13436247200002,
              16.475095887000066
            ],
            [
              121.13187055900005,
              16.476036817000022
            ],
            [
              121.13244441800009,
              16.479972930000031
            ],
            [
              121.13778625600003,
              16.482214794000072
            ],
            [
              121.13789452100002,
              16.483742535000033
            ],
            [
              121.13827930500008,
              16.484249891000047
            ],
            [
              121.13921531200003,
              16.487091067000051
            ],
            [
              121.13912562900009,
              16.487187155000072
            ],
            [
              121.13910641100006,
              16.487264026000048
            ],
            [
              121.13904875800006,
              16.487276838000071
            ],
            [
              121.13902633800001,
              16.487190358000078
            ],
            [
              121.13898790200005,
              16.487126299000067
            ],
            [
              121.13898790200005,
              16.487059037000051
            ],
            [
              121.1388950170001,
              16.487027008000041
            ],
            [
              121.13882134900007,
              16.487065443000063
            ],
            [
              121.13874768100004,
              16.487123096000062
            ],
            [
              121.13866760700012,
              16.487206373000049
            ],
            [
              121.13852347400007,
              16.487238403000049
            ],
            [
              121.1383633260001,
              16.487257620000037
            ],
            [
              121.13828325200006,
              16.487308868000071
            ],
            [
              121.13816154000006,
              16.487337694000075
            ],
            [
              121.13812310500009,
              16.487296056000048
            ],
            [
              121.13807826300001,
              16.487231997000038
            ],
            [
              121.13803342200003,
              16.487183952000066
            ],
            [
              121.13791491300003,
              16.487203170000043
            ],
            [
              121.13782202700008,
              16.487228794000032
            ],
            [
              121.1377163300001,
              16.487225591000026
            ],
            [
              121.13762985000005,
              16.487260823000042
            ],
            [
              121.13763945900007,
              16.487340897000024
            ],
            [
              121.13771953300011,
              16.487398550000023
            ],
            [
              121.13779960700003,
              16.48747221800005
            ],
            [
              121.13780601200006,
              16.487555495000038
            ],
            [
              121.13774195300005,
              16.487590728000043
            ],
            [
              121.1376586770001,
              16.487651584000048
            ],
            [
              121.13752095000007,
              16.487619554000048
            ],
            [
              121.13744728200004,
              16.487625960000059
            ],
            [
              121.13750173200003,
              16.487741266000057
            ],
            [
              121.13748251400011,
              16.487814934000028
            ],
            [
              121.13740884600008,
              16.487901414000078
            ],
            [
              121.13725190100001,
              16.487907820000032
            ],
            [
              121.13658568700009,
              16.488122418000046
            ],
            [
              121.13643194500003,
              16.488138433000074
            ],
            [
              121.13625898600003,
              16.488080779000029
            ],
            [
              121.1361180560001,
              16.487981488000059
            ],
            [
              121.1358233840001,
              16.487830949000056
            ],
            [
              121.13568886000007,
              16.487811731000022
            ],
            [
              121.13561198900004,
              16.487805325000068
            ],
            [
              121.13542621800002,
              16.48782774600005
            ],
            [
              121.13527888200008,
              16.487792514000034
            ],
            [
              121.13512834300002,
              16.487715643000058
            ],
            [
              121.13509951700007,
              16.487651584000048
            ],
            [
              121.13504186400007,
              16.48756830700006
            ],
            [
              121.13494257200011,
              16.487574713000072
            ],
            [
              121.13490093400003,
              16.487616351000042
            ],
            [
              121.13484968600005,
              16.487706034000041
            ],
            [
              121.13477601800003,
              16.487725252000075
            ],
            [
              121.13467993000006,
              16.487760484000034
            ],
            [
              121.13462227700006,
              16.48782774600005
            ],
            [
              121.13463188600008,
              16.487914226000044
            ],
            [
              121.13467032100004,
              16.487955864000071
            ],
            [
              121.13465110300001,
              16.488003909000042
            ],
            [
              121.13458384100011,
              16.488007111000059
            ],
            [
              121.13454860900003,
              16.488071171000058
            ],
            [
              121.13452618800011,
              16.488500366000039
            ],
            [
              121.13442689700003,
              16.488987215000066
            ],
            [
              121.13436283800002,
              16.489099319000047
            ],
            [
              121.13425714000005,
              16.489224234000062
            ],
            [
              121.13413222500003,
              16.489272278000044
            ],
            [
              121.1340489480001,
              16.489240249000034
            ],
            [
              121.13394645400001,
              16.489176189000034
            ],
            [
              121.13389520600003,
              16.48917939200004
            ],
            [
              121.13371584100003,
              16.48930751100005
            ],
            [
              121.13356209900007,
              16.489467658000024
            ],
            [
              121.13345640200009,
              16.489461252000069
            ],
            [
              121.13340835700001,
              16.489387584000042
            ],
            [
              121.13334750100012,
              16.48941320800003
            ],
            [
              121.13318415100002,
              16.489650227000027
            ],
            [
              121.13306437300002,
              16.489758209000058
            ],
            [
              121.13307307700006,
              16.489940981000075
            ],
            [
              121.13297733900004,
              16.490106346000061
            ],
            [
              121.13280327100006,
              16.490149863000056
            ],
            [
              121.13261179500012,
              16.49028041400004
            ],
            [
              121.13223754800003,
              16.490254304000075
            ],
            [
              121.13202866600011,
              16.490071532000059
            ],
            [
              121.13188941200008,
              16.48996709100004
            ],
            [
              121.13170664000006,
              16.490123752000045
            ],
            [
              121.1316021990001,
              16.490236897000045
            ],
            [
              121.13147164800012,
              16.49028041400004
            ],
            [
              121.13112351100006,
              16.490132456000026
            ],
            [
              121.13094073900004,
              16.490236897000045
            ],
            [
              121.13087981500007,
              16.490358745000037
            ],
            [
              121.13088078800001,
              16.490396461000046
            ],
            [
              121.13100484500001,
              16.490477739000028
            ],
            [
              121.13103692900006,
              16.490552602000037
            ],
            [
              121.13095137200003,
              16.490683076000039
            ],
            [
              121.13093640000011,
              16.490738688000022
            ],
            [
              121.13098773400009,
              16.490779327000041
            ],
            [
              121.13098987300009,
              16.490845634000038
            ],
            [
              121.13094709400002,
              16.490922635000061
            ],
            [
              121.13085298200008,
              16.490937607000035
            ],
            [
              121.13074603600012,
              16.490933329000029
            ],
            [
              121.13071395200006,
              16.490896968000072
            ],
            [
              121.13063695100004,
              16.490888412000061
            ],
            [
              121.1306027280001,
              16.490875579000033
            ],
            [
              121.13057706100005,
              16.490809272000035
            ],
            [
              121.13053214400009,
              16.490787883000053
            ],
            [
              121.13044444800005,
              16.490792161000059
            ],
            [
              121.1303439190001,
              16.490832800000078
            ],
            [
              121.13025622300006,
              16.490946163000046
            ],
            [
              121.13019847200007,
              16.491055248000066
            ],
            [
              121.13019847200007,
              16.491151499000068
            ],
            [
              121.13014286100008,
              16.491211389000057
            ],
            [
              121.13004874800004,
              16.491252029000066
            ],
            [
              121.12996319100012,
              16.491245612000057
            ],
            [
              121.1298904680001,
              16.491207111000051
            ],
            [
              121.12979635500005,
              16.491237056000045
            ],
            [
              121.12974929900008,
              16.491309779000062
            ],
            [
              121.12978566100003,
              16.49147875400007
            ],
            [
              121.12980491100006,
              16.491592117000039
            ],
            [
              121.1297621330001,
              16.491699063000056
            ]
          ]
        ]
      },
      "properties": {
        "brgy_name": "Magsaysay",
        "brgy_code": "025005010",
        "city_name": "Bayombong",
        "prov_name": "Nueva Vizcaya"
      }
    },
    {
      "type": "Feature",
      "geometry": {
        "type": "Polygon",
        "coordinates": [
          [
            [
              121.11716084000011,
              16.508282165000026
            ],
            [
              121.11650947300006,
              16.508313317000045
            ],
            [
              121.11644433600009,
              16.508310485000038
            ],
            [
              121.11637353600008,
              16.508282165000026
            ],
            [
              121.11628007900003,
              16.50825667600003
            ],
            [
              121.11618945400005,
              16.508262341000034
            ],
            [
              121.11611582100011,
              16.508270837000055
            ],
            [
              121.11605918000009,
              16.508287829000039
            ],
            [
              121.11597988300002,
              16.508276501000068
            ],
            [
              121.11594023500004,
              16.508208532000026
            ],
            [
              121.11590341900001,
              16.508171716000049
            ],
            [
              121.11579863400004,
              16.508151891000068
            ],
            [
              121.11566552800002,
              16.508109411000078
            ],
            [
              121.11560605500006,
              16.508049938000056
            ],
            [
              121.11549277400002,
              16.508004626000059
            ],
            [
              121.11538798900006,
              16.507998962000045
            ],
            [
              121.11518408300003,
              16.507964977000029
            ],
            [
              121.11493203200007,
              16.507834704000061
            ],
            [
              121.11481025500007,
              16.507800720000034
            ],
            [
              121.11476211000002,
              16.507763903000068
            ],
            [
              121.11468847800006,
              16.507715759000064
            ],
            [
              121.11461201300006,
              16.50763646200005
            ],
            [
              121.11449023500006,
              16.507579821000036
            ],
            [
              121.11444676300005,
              16.507550922000064
            ],
            [
              121.11440527500008,
              16.507514685000046
            ],
            [
              121.11434863400007,
              16.507435388000033
            ],
            [
              121.11415039200006,
              16.507307946000026
            ],
            [
              121.11402295000005,
              16.507299450000062
            ],
            [
              121.11394648600003,
              16.507344763000049
            ],
            [
              121.11389834100009,
              16.507324938000068
            ],
            [
              121.11383037200005,
              16.507262634000028
            ],
            [
              121.11356982600012,
              16.507183337000072
            ],
            [
              121.11347353700012,
              16.507180505000065
            ],
            [
              121.11334326300005,
              16.507208825000077
            ],
            [
              121.11318466900002,
              16.507217321000041
            ],
            [
              121.11312519700004,
              16.507200329000057
            ],
            [
              121.11300549300006,
              16.50711777500004
            ],
            [
              121.11279203300012,
              16.507349024000064
            ],
            [
              121.11258746700003,
              16.507357918000025
            ],
            [
              121.1123473240001,
              16.507251188000055
            ],
            [
              121.11209828700009,
              16.507099987000061
            ],
            [
              121.11168026100006,
              16.507224505000067
            ],
            [
              121.11149348400011,
              16.507286764000071
            ],
            [
              121.11116440000001,
              16.507135564000066
            ],
            [
              121.11049733700008,
              16.507028833000049
            ],
            [
              121.11023051200004,
              16.507055516000037
            ],
            [
              121.10990142800006,
              16.507002151000052
            ],
            [
              121.10967907400004,
              16.507055516000037
            ],
            [
              121.10925215400005,
              16.507482436000032
            ],
            [
              121.10916321200011,
              16.507464648000052
            ],
            [
              121.10884302200009,
              16.507473542000071
            ],
            [
              121.10865624400003,
              16.507589166000059
            ],
            [
              121.10830937200001,
              16.507909356000027
            ],
            [
              121.10282476900011,
              16.512539299000025
            ],
            [
              121.09523099400008,
              16.51032389900007
            ],
            [
              121.08950480600004,
              16.503890201000047
            ],
            [
              121.09520560100009,
              16.500509117000036
            ],
            [
              121.09774918300002,
              16.496143127000039
            ],
            [
              121.10870317200011,
              16.496525319000057
            ],
            [
              121.11260955000012,
              16.496661776000053
            ],
            [
              121.11266321500011,
              16.49656211100006
            ],
            [
              121.11267471500003,
              16.496443279000061
            ],
            [
              121.1127168810001,
              16.496362780000027
            ],
            [
              121.11280504600006,
              16.496305281000048
            ],
            [
              121.1129813770001,
              16.496305281000048
            ],
            [
              121.11309254200012,
              16.496251615000062
            ],
            [
              121.11319220700011,
              16.496105951000061
            ],
            [
              121.11319220700011,
              16.496025452000026
            ],
            [
              121.1131730410001,
              16.495941120000055
            ],
            [
              121.11322670600009,
              16.495883621000075
            ],
            [
              121.11328803900005,
              16.495883621000075
            ],
            [
              121.11338387100011,
              16.495841455000061
            ],
            [
              121.11342987000012,
              16.495737957000074
            ],
            [
              121.11350653500006,
              16.495737957000074
            ],
            [
              121.11354486800008,
              16.495603792000054
            ],
            [
              121.11354486800008,
              16.495530960000053
            ],
            [
              121.11370203200011,
              16.495415962000038
            ],
            [
              121.11374419800006,
              16.495458128000053
            ],
            [
              121.11385153000003,
              16.49543129500006
            ],
            [
              121.11391669600005,
              16.49546579500003
            ],
            [
              121.11404702700008,
              16.495488794000039
            ],
            [
              121.11412369200002,
              16.495423629000072
            ],
            [
              121.11413519200005,
              16.495323964000022
            ],
            [
              121.11413519200005,
              16.49523963200005
            ],
            [
              121.11420802400005,
              16.495235798000067
            ],
            [
              121.11426935700001,
              16.495289464000052
            ],
            [
              121.11435368900004,
              16.495231965000073
            ],
            [
              121.11445718700008,
              16.495128467000029
            ],
            [
              121.11451468600001,
              16.494990469000072
            ],
            [
              121.11458751800001,
              16.494955969000046
            ],
            [
              121.11464501700004,
              16.49490230400005
            ],
            [
              121.11471401600011,
              16.494879304000051
            ],
            [
              121.11478684800011,
              16.494890804000022
            ],
            [
              121.11488268000005,
              16.494879304000051
            ],
            [
              121.11496701200008,
              16.494860138000035
            ],
            [
              121.11502451100012,
              16.494883137000045
            ],
            [
              121.11511651000001,
              16.494860138000035
            ],
            [
              121.11516634200007,
              16.494791139000029
            ],
            [
              121.11530050700003,
              16.494725973000072
            ],
            [
              121.11536567300004,
              16.494699140000023
            ],
            [
              121.11545000500007,
              16.494587975000059
            ],
            [
              121.11574133300007,
              16.494434644000023
            ],
            [
              121.11598666300006,
              16.494262147000029
            ],
            [
              121.11612466100007,
              16.494231481000043
            ],
            [
              121.11624732500002,
              16.494315813000071
            ],
            [
              121.1164274890001,
              16.494400145000043
            ],
            [
              121.11660382000002,
              16.494549642000038
            ],
            [
              121.11677248400008,
              16.494538143000057
            ],
            [
              121.1169373140001,
              16.494526643000029
            ],
            [
              121.11702164600001,
              16.494534309000073
            ],
            [
              121.11717881000004,
              16.494595642000036
            ],
            [
              121.11747780600001,
              16.494699140000023
            ],
            [
              121.11783430000003,
              16.494595642000036
            ],
            [
              121.11792629900003,
              16.494472977000044
            ],
            [
              121.1179952980001,
              16.494419311000058
            ],
            [
              121.11811412900011,
              16.494465310000066
            ],
            [
              121.11836712500008,
              16.494633974000067
            ],
            [
              121.11865462000003,
              16.494756639000059
            ],
            [
              121.11882711800001,
              16.494802638000067
            ],
            [
              121.11926794400006,
              16.494802638000067
            ],
            [
              121.11953627300011,
              16.494760472000053
            ],
            [
              121.11967043800007,
              16.494794972000022
            ],
            [
              121.11989660100005,
              16.494833305000043
            ],
            [
              121.12010359700002,
              16.494844804000024
            ],
            [
              121.12018792900005,
              16.494844804000024
            ],
            [
              121.12039109300008,
              16.494794972000022
            ],
            [
              121.12057125700005,
              16.494825638000066
            ],
            [
              121.12072842100008,
              16.494990469000072
            ],
            [
              121.1209392510001,
              16.495086301000072
            ],
            [
              121.12124207900001,
              16.495235798000067
            ],
            [
              121.1212765790001,
              16.495289464000052
            ],
            [
              121.12131874500005,
              16.495408296000051
            ],
            [
              121.12136091100001,
              16.495484961000045
            ],
            [
              121.12147207600003,
              16.495484961000045
            ],
            [
              121.12158324100005,
              16.495435128000054
            ],
            [
              121.12162540700001,
              16.495392962000039
            ],
            [
              121.12173657200003,
              16.495385296000052
            ],
            [
              121.12184390300001,
              16.495331630000067
            ],
            [
              121.1219512350001,
              16.495277964000024
            ],
            [
              121.12200873400002,
              16.495274131000031
            ],
            [
              121.12207006600011,
              16.495243465000044
            ],
            [
              121.12218506500005,
              16.495243465000044
            ],
            [
              121.12225789700005,
              16.495185966000065
            ],
            [
              121.12234222900008,
              16.495132300000023
            ],
            [
              121.12241506100008,
              16.495136133000074
            ],
            [
              121.12247639300006,
              16.495185966000065
            ],
            [
              121.12249172600002,
              16.495258798000066
            ],
            [
              121.12248406000003,
              16.49543129500006
            ],
            [
              121.12246106000009,
              16.495546293000075
            ],
            [
              121.12244956000006,
              16.495607626000037
            ],
            [
              121.1225262260001,
              16.495626792000053
            ],
            [
              121.12261055800002,
              16.495626792000053
            ],
            [
              121.12267572300004,
              16.495657458000039
            ],
            [
              121.12273705600001,
              16.495703457000047
            ],
            [
              121.12304371800008,
              16.49569579100006
            ],
            [
              121.12311655000008,
              16.495653625000045
            ],
            [
              121.12317404900011,
              16.495400629000073
            ],
            [
              121.12328138000009,
              16.495350796000025
            ],
            [
              121.12335421300008,
              16.495285631000058
            ],
            [
              121.12346154400007,
              16.495212799000058
            ],
            [
              121.12366470800009,
              16.495212799000058
            ],
            [
              121.12374904000001,
              16.495189799000059
            ],
            [
              121.12381420500003,
              16.495124633000046
            ],
            [
              121.12386020500003,
              16.49503263500003
            ],
            [
              121.12392153700011,
              16.49497513600005
            ],
            [
              121.12401736900006,
              16.495009635000031
            ],
            [
              121.12413236700002,
              16.495093967000059
            ],
            [
              121.12420903200007,
              16.495132300000023
            ],
            [
              121.12427803100002,
              16.495189799000059
            ],
            [
              121.12434617600002,
              16.495174324000061
            ],
            [
              121.12443096800007,
              16.495110730000022
            ],
            [
              121.12442743500003,
              16.495011806000036
            ],
            [
              121.12439210500008,
              16.494895217000078
            ],
            [
              121.12438857200004,
              16.494824557000072
            ],
            [
              121.12446983100006,
              16.494764496000073
            ],
            [
              121.12452282600009,
              16.494676171000037
            ],
            [
              121.12458642000001,
              16.494534851000026
            ],
            [
              121.12466767900003,
              16.494457125000054
            ],
            [
              121.12476307000009,
              16.494499521000023
            ],
            [
              121.12480546600011,
              16.494563115000062
            ],
            [
              121.12508457300009,
              16.494400597000038
            ],
            [
              121.12507750700001,
              16.494326404000049
            ],
            [
              121.12506337500008,
              16.494273409000073
            ],
            [
              121.12509870500003,
              16.494223946000034
            ],
            [
              121.12524709100001,
              16.494245144000047
            ],
            [
              121.12532835000002,
              16.494301673000052
            ],
            [
              121.12543080700004,
              16.494305206000035
            ],
            [
              121.12546260500005,
              16.49425221000007
            ],
            [
              121.12544140600005,
              16.494167418000075
            ],
            [
              121.12541667500011,
              16.494072027000072
            ],
            [
              121.12540254300006,
              16.493941306000067
            ],
            [
              121.12546613800009,
              16.493838849000042
            ],
            [
              121.12554386400006,
              16.493838849000042
            ],
            [
              121.12562512300008,
              16.493863580000038
            ],
            [
              121.12569931600001,
              16.493867113000022
            ],
            [
              121.12570991500002,
              16.49375759000003
            ],
            [
              121.12568165100004,
              16.493672798000034
            ],
            [
              121.12557566100008,
              16.493577407000032
            ],
            [
              121.12555093000003,
              16.493520879000073
            ],
            [
              121.12563218900004,
              16.49325237100004
            ],
            [
              121.12570284900005,
              16.49323823900005
            ],
            [
              121.12587999300001,
              16.493236946000025
            ],
            [
              121.12618585900009,
              16.493138556000076
            ],
            [
              121.12643183400007,
              16.493014499000026
            ],
            [
              121.12665428200012,
              16.49292252500004
            ],
            [
              121.12669919900009,
              16.492768523000052
            ],
            [
              121.12673342200003,
              16.492599548000044
            ],
            [
              121.12668850500006,
              16.492526825000027
            ],
            [
              121.12654733600004,
              16.492479769000056
            ],
            [
              121.12637836100009,
              16.492434851000041
            ],
            [
              121.12634200000002,
              16.492383517000064
            ],
            [
              121.12635697200005,
              16.492293683000071
            ],
            [
              121.12648744600006,
              16.492253043000062
            ],
            [
              121.12665000400011,
              16.492261599000074
            ],
            [
              121.12682325700007,
              16.49221026500004
            ],
            [
              121.12689811900009,
              16.492135402000031
            ],
            [
              121.12694517500006,
              16.492062679000071
            ],
            [
              121.12697512000011,
              16.492019901000049
            ],
            [
              121.12702431500009,
              16.492030595000074
            ],
            [
              121.1270991770001,
              16.49212256900006
            ],
            [
              121.12722109600008,
              16.492178181000043
            ],
            [
              121.12733659700007,
              16.492184598000051
            ],
            [
              121.12743712700001,
              16.492178181000043
            ],
            [
              121.12752696100006,
              16.492135402000031
            ],
            [
              121.12761251800009,
              16.492152514000054
            ],
            [
              121.12775154800011,
              16.492173903000037
            ],
            [
              121.12783282700002,
              16.492158931000063
            ],
            [
              121.12789057800001,
              16.492116152000051
            ],
            [
              121.12793763400009,
              16.492019901000049
            ],
            [
              121.12816436000003,
              16.491919372000041
            ],
            [
              121.12821783300001,
              16.491750397000033
            ],
            [
              121.12833547300011,
              16.491645590000076
            ],
            [
              121.12854722600002,
              16.49160708900007
            ],
            [
              121.12874186800002,
              16.491673396000067
            ],
            [
              121.12884667500009,
              16.491739702000075
            ],
            [
              121.12896431600007,
              16.49174825800003
            ],
            [
              121.12902634400007,
              16.491696924000053
            ],
            [
              121.12910548400009,
              16.491622062000033
            ],
            [
              121.12918890200001,
              16.491604950000067
            ],
            [
              121.12941348900006,
              16.491724730000044
            ],
            [
              121.1296316590001,
              16.491750397000033
            ],
            [
              121.1297621330001,
              16.491699063000056
            ],
            [
              121.12986108500002,
              16.497493677000023
            ],
            [
              121.13052610200009,
              16.498052229000052
            ],
            [
              121.1303247620001,
              16.498208827000042
            ],
            [
              121.13020451800003,
              16.498261958000057
            ],
            [
              121.13017655400006,
              16.498331868000037
            ],
            [
              121.13012621900009,
              16.498558375000073
            ],
            [
              121.13010384800009,
              16.498647859000073
            ],
            [
              121.12979904200006,
              16.499109263000037
            ],
            [
              121.12977946700005,
              16.499151209000047
            ],
            [
              121.12974031800002,
              16.499156801000026
            ],
            [
              121.12970955800006,
              16.499117652000052
            ],
            [
              121.12969277900004,
              16.499056132000078
            ],
            [
              121.12967040800004,
              16.499058928000068
            ],
            [
              121.12962287000005,
              16.499095281000052
            ],
            [
              121.1295473670001,
              16.499117652000052
            ],
            [
              121.12946906800005,
              16.499114856000062
            ],
            [
              121.12931806400002,
              16.499414069000068
            ],
            [
              121.1291027420001,
              16.499839119000058
            ],
            [
              121.12918398400006,
              16.500251477000063
            ],
            [
              121.12929071500002,
              16.500420467000026
            ],
            [
              121.12929071500002,
              16.50056277300007
            ],
            [
              121.12897052400001,
              16.500607244000037
            ],
            [
              121.12876595900002,
              16.500544985000033
            ],
            [
              121.1286236520001,
              16.500464937000061
            ],
            [
              121.12848134500007,
              16.500491620000048
            ],
            [
              121.12812557800009,
              16.500731762000044
            ],
            [
              121.12797437800009,
              16.500749551000069
            ],
            [
              121.12777870600007,
              16.500633927000024
            ],
            [
              121.12749409300011,
              16.50056277300007
            ],
            [
              121.12720947900004,
              16.500607244000037
            ],
            [
              121.12702270200009,
              16.500696186000027
            ],
            [
              121.12679145300001,
              16.500660609000022
            ],
            [
              121.12661357000002,
              16.500536091000072
            ],
            [
              121.12642679200007,
              16.500625032000073
            ],
            [
              121.12631116800003,
              16.500918540000043
            ],
            [
              121.12610660200005,
              16.501034164000032
            ],
            [
              121.12585756600004,
              16.500927434000062
            ],
            [
              121.12583977700001,
              16.500811810000073
            ],
            [
              121.12573304700004,
              16.500776233000067
            ],
            [
              121.12562631700007,
              16.500909646000025
            ],
            [
              121.12559963500007,
              16.500989693000065
            ],
            [
              121.12545732800004,
              16.500963011000067
            ],
            [
              121.12529723300008,
              16.500767339000049
            ],
            [
              121.12511045500003,
              16.500776233000067
            ],
            [
              121.12503040800004,
              16.500954117000049
            ],
            [
              121.12495925500002,
              16.501443296000048
            ],
            [
              121.12487920700005,
              16.501478873000053
            ],
            [
              121.12471911200009,
              16.501434402000029
            ],
            [
              121.12432776900005,
              16.501363248000075
            ],
            [
              121.12394531900009,
              16.501630073000058
            ],
            [
              121.12380301300004,
              16.502101464000077
            ],
            [
              121.12372296500007,
              16.502403866000066
            ],
            [
              121.12350950500002,
              16.502430549000053
            ],
            [
              121.12330493900004,
              16.50236828900006
            ],
            [
              121.12307369100006,
              16.502332713000044
            ],
            [
              121.12288691300012,
              16.502394972000047
            ],
            [
              121.12281576000009,
              16.502750739000078
            ],
            [
              121.12256672300009,
              16.502990881000073
            ],
            [
              121.12233547500011,
              16.50331996500006
            ],
            [
              121.12221095700011,
              16.503640155000028
            ],
            [
              121.12231768700008,
              16.503995922000058
            ],
            [
              121.12229989800005,
              16.504156017000071
            ],
            [
              121.12217538000004,
              16.504298324000047
            ],
            [
              121.12199749700005,
              16.504316112000026
            ],
            [
              121.12191744900008,
              16.504120440000065
            ],
            [
              121.1218374020001,
              16.504058181000062
            ],
            [
              121.12166841200008,
              16.504156017000071
            ],
            [
              121.12158836500009,
              16.50437837100003
            ],
            [
              121.12142827000002,
              16.504458419000059
            ],
            [
              121.12131264600009,
              16.504387266000037
            ],
            [
              121.12115255100002,
              16.504369477000068
            ],
            [
              121.12104582100005,
              16.50454736100005
            ],
            [
              121.12077899600001,
              16.50473413800006
            ],
            [
              121.12047659400002,
              16.504876445000036
            ],
            [
              121.12033428700011,
              16.504992069000025
            ],
            [
              121.12024534500006,
              16.505241106000028
            ],
            [
              121.12038765200009,
              16.505436777000057
            ],
            [
              121.12033428700011,
              16.505623555000057
            ],
            [
              121.12000520300012,
              16.505739179000045
            ],
            [
              121.11976506000008,
              16.505943745000025
            ],
            [
              121.11959607100005,
              16.506174993000059
            ],
            [
              121.11933814000008,
              16.506939892000048
            ],
            [
              121.1189823740001,
              16.507437965000065
            ],
            [
              121.11868886600007,
              16.507660319000024
            ],
            [
              121.11811963900004,
              16.507802626000057
            ],
            [
              121.1176037780001,
              16.507838203000063
            ],
            [
              121.11747236400004,
              16.507888513000069
            ],
            [
              121.11738457100012,
              16.507964977000029
            ],
            [
              121.11733642600007,
              16.508123571000056
            ],
            [
              121.11722314500003,
              16.508262341000034
            ],
            [
              121.11716084000011,
              16.508282165000026
            ]
          ]
        ]
      },
      "properties": {
        "brgy_name": "Masoc",
        "brgy_code": "025005011",
        "city_name": "Bayombong",
        "prov_name": "Nueva Vizcaya"
      }
    },
    {
      "type": "Feature",
      "geometry": {
        "type": "Polygon",
        "coordinates": [
          [
            [
              121.17721161100008,
              16.479856424000047
            ],
            [
              121.17586821800012,
              16.480012632000069
            ],
            [
              121.17305646400007,
              16.479419040000039
            ],
            [
              121.17185338600007,
              16.47854241400006
            ],
            [
              121.1707235130001,
              16.47719027100004
            ],
            [
              121.16996409100011,
              16.476616074000049
            ],
            [
              121.16829706600004,
              16.47637528100006
            ],
            [
              121.16629663700007,
              16.47637528100006
            ],
            [
              121.16394427900002,
              16.475986309000064
            ],
            [
              121.16192532700006,
              16.474967572000025
            ],
            [
              121.16061023000009,
              16.473448727000061
            ],
            [
              121.15799855800003,
              16.472596692000025
            ],
            [
              121.15559063300009,
              16.472263287000033
            ],
            [
              121.15340497800003,
              16.472355899000036
            ],
            [
              121.15158977300007,
              16.472800439000025
            ],
            [
              121.14955229900011,
              16.472985664000078
            ],
            [
              121.14773709400004,
              16.472781917000077
            ],
            [
              121.1454256510001,
              16.47213524700004
            ],
            [
              121.14376656900004,
              16.472086983000054
            ],
            [
              121.14260822900007,
              16.472225743000024
            ],
            [
              121.14178852400005,
              16.472476028000074
            ],
            [
              121.13969029700002,
              16.473116692000076
            ],
            [
              121.13811585400003,
              16.47318761300005
            ],
            [
              121.13638538600003,
              16.472733719000075
            ],
            [
              121.1355343350001,
              16.471755011000027
            ],
            [
              121.13410763600007,
              16.471189982000055
            ],
            [
              121.13410173400007,
              16.471187645000043
            ],
            [
              121.13234289700006,
              16.471173460000045
            ],
            [
              121.13078263800003,
              16.471627354000077
            ],
            [
              121.1285840920001,
              16.472336562000066
            ],
            [
              121.12740680600007,
              16.472435852000046
            ],
            [
              121.12668341300002,
              16.472379115000024
            ],
            [
              121.1258607310001,
              16.472109616000068
            ],
            [
              121.12520825900003,
              16.471542249000038
            ],
            [
              121.12472599700004,
              16.470946514000048
            ],
            [
              121.13450286000011,
              16.459918234000043
            ],
            [
              121.1416367920001,
              16.454737384000055
            ],
            [
              121.15271743000005,
              16.459262599000056
            ],
            [
              121.15400436600009,
              16.459937713000045
            ],
            [
              121.15470057700009,
              16.459663448000072
            ],
            [
              121.15725335100001,
              16.459325891000049
            ],
            [
              121.15811834100009,
              16.459663448000072
            ],
            [
              121.15951076300007,
              16.459368085000051
            ],
            [
              121.1604390440001,
              16.460380756000063
            ],
            [
              121.16113525500009,
              16.460697216000028
            ],
            [
              121.16159939600004,
              16.460444048000056
            ],
            [
              121.16189475800002,
              16.460697216000028
            ],
            [
              121.16594544100008,
              16.463102308000032
            ],
            [
              121.16666274900001,
              16.465085455000064
            ],
            [
              121.17452952400004,
              16.47084078000006
            ],
            [
              121.17944799200006,
              16.475898263000033
            ],
            [
              121.17890600500004,
              16.477715156000045
            ],
            [
              121.1784330160001,
              16.479108074000067
            ],
            [
              121.17721161100008,
              16.479856424000047
            ]
          ]
        ]
      },
      "properties": {
        "brgy_name": "Paitan",
        "brgy_code": "025005012",
        "city_name": "Bayombong",
        "prov_name": "Nueva Vizcaya"
      }
    },
    {
      "type": "Feature",
      "geometry": {
        "type": "Polygon",
        "coordinates": [
          [
            [
              121.16061023000009,
              16.473448727000061
            ],
            [
              121.15378243100008,
              16.480692520000048
            ],
            [
              121.15362595200008,
              16.480833544000063
            ],
            [
              121.15350810900009,
              16.480905023000048
            ],
            [
              121.15302708100012,
              16.481177412000022
            ],
            [
              121.15220991300009,
              16.481716395000035
            ],
            [
              121.15185059100008,
              16.481940489000067
            ],
            [
              121.1513151800001,
              16.482276285000069
            ],
            [
              121.15014100700012,
              16.482865129000061
            ],
            [
              121.14951154100004,
              16.481766525000069
            ],
            [
              121.14924717700001,
              16.481202661000054
            ],
            [
              121.14893820100008,
              16.480630672000075
            ],
            [
              121.14863190000005,
              16.480062548000035
            ],
            [
              121.14836365700012,
              16.47957606600005
            ],
            [
              121.14744230300005,
              16.479056765000053
            ],
            [
              121.14654498300001,
              16.478537264000067
            ],
            [
              121.14682834700011,
              16.478025635000051
            ],
            [
              121.14706448400011,
              16.477561232000028
            ],
            [
              121.14727892200005,
              16.477122296000061
            ],
            [
              121.14841729600005,
              16.475438126000029
            ],
            [
              121.14932298500003,
              16.474391598000068
            ],
            [
              121.14952928200012,
              16.474173056000041
            ],
            [
              121.15158977300007,
              16.472800439000025
            ],
            [
              121.15340497800003,
              16.472355899000036
            ],
            [
              121.15559063300009,
              16.472263287000033
            ],
            [
              121.15799855800003,
              16.472596692000025
            ],
            [
              121.16061023000009,
              16.473448727000061
            ]
          ]
        ]
      },
      "properties": {
        "brgy_name": "Salvacion",
        "brgy_code": "025005025",
        "city_name": "Bayombong",
        "prov_name": "Nueva Vizcaya"
      }
    },
    {
      "type": "Feature",
      "geometry": {
        "type": "Polygon",
        "coordinates": [
          [
            [
              121.1582885900001,
              16.490246286000058
            ],
            [
              121.15769645000012,
              16.490295700000047
            ],
            [
              121.15761799400002,
              16.49036294800004
            ],
            [
              121.1575918420001,
              16.490445141000066
            ],
            [
              121.15758810600005,
              16.490527333000045
            ],
            [
              121.15755074500009,
              16.490594582000028
            ],
            [
              121.15744613700008,
              16.490673038000068
            ],
            [
              121.1573751520001,
              16.490725343000065
            ],
            [
              121.15730416800011,
              16.490785119000066
            ],
            [
              121.15717340700007,
              16.490867311000045
            ],
            [
              121.15710615900002,
              16.490956976000064
            ],
            [
              121.15699407800003,
              16.491072793000058
            ],
            [
              121.15691562200004,
              16.491158721000033
            ],
            [
              121.15684837300012,
              16.491222234000077
            ],
            [
              121.15677508500005,
              16.491326126000047
            ],
            [
              121.15668925400007,
              16.491439267000032
            ],
            [
              121.15663853600006,
              16.491536802000041
            ],
            [
              121.15651759200011,
              16.491626534000034
            ],
            [
              121.15636153600008,
              16.491685055000062
            ],
            [
              121.15622888900009,
              16.491716266000026
            ],
            [
              121.1560884380001,
              16.491743576000033
            ],
            [
              121.15590507200011,
              16.491774787000054
            ],
            [
              121.15596749500003,
              16.491934745000037
            ],
            [
              121.1560416210001,
              16.492020576000073
            ],
            [
              121.15603772000009,
              16.492102505000048
            ],
            [
              121.1560416210001,
              16.492200040000057
            ],
            [
              121.15619767700002,
              16.492336589000047
            ],
            [
              121.15649418400005,
              16.492699419000076
            ],
            [
              121.15626790300007,
              16.492855475000056
            ],
            [
              121.15620548000004,
              16.492949109000051
            ],
            [
              121.15613525500009,
              16.492995925000059
            ],
            [
              121.1559987060001,
              16.493062249000047
            ],
            [
              121.15592848100005,
              16.493128573000035
            ],
            [
              121.15589727000008,
              16.493218305000028
            ],
            [
              121.15586605800002,
              16.493292432000032
            ],
            [
              121.15581924200001,
              16.493389967000041
            ],
            [
              121.15582704400003,
              16.493452389000026
            ],
            [
              121.15592457900004,
              16.493483600000047
            ],
            [
              121.15602211400005,
              16.49345629100003
            ],
            [
              121.15610404400002,
              16.493561628000066
            ],
            [
              121.15621328300006,
              16.493627952000054
            ],
            [
              121.15639664900004,
              16.493674769000052
            ],
            [
              121.15666194400001,
              16.493897149000077
            ],
            [
              121.15680239400001,
              16.493990782000026
            ],
            [
              121.15696625300006,
              16.494244373000072
            ],
            [
              121.15716522500009,
              16.494474556000057
            ],
            [
              121.15733688600005,
              16.494630612000037
            ],
            [
              121.1574500270001,
              16.494903710000074
            ],
            [
              121.15548086500007,
              16.494733086000053
            ],
            [
              121.15527734700004,
              16.494399543000043
            ],
            [
              121.15432194400012,
              16.493195397000022
            ],
            [
              121.15403928100011,
              16.492760095000051
            ],
            [
              121.15376227100012,
              16.492228687000022
            ],
            [
              121.15325913000004,
              16.491211099000054
            ],
            [
              121.1529538530001,
              16.490470520000031
            ],
            [
              121.15278990800005,
              16.490210470000022
            ],
            [
              121.15212984400011,
              16.489183422000053
            ],
            [
              121.14645205800002,
              16.487277810000023
            ],
            [
              121.14669901700006,
              16.487073430000066
            ],
            [
              121.14735047800002,
              16.486664670000039
            ],
            [
              121.14798916500001,
              16.486277200000075
            ],
            [
              121.14815522400011,
              16.486217589000034
            ],
            [
              121.14830850900012,
              16.486157978000051
            ],
            [
              121.14847030900012,
              16.486123915000064
            ],
            [
              121.14860230500005,
              16.486081336000041
            ],
            [
              121.14881094200007,
              16.485970630000054
            ],
            [
              121.14836811900011,
              16.485340459000042
            ],
            [
              121.14910473800001,
              16.484876346000021
            ],
            [
              121.14917161500011,
              16.484837274000029
            ],
            [
              121.14977261700005,
              16.485030453000036
            ],
            [
              121.1506008130001,
              16.485366469000041
            ],
            [
              121.15109722800003,
              16.485526514000071
            ],
            [
              121.1516453800001,
              16.485706580000056
            ],
            [
              121.15227447600012,
              16.485937865000039
            ],
            [
              121.15318140800002,
              16.486243441000056
            ],
            [
              121.15396889300007,
              16.48654368900003
            ],
            [
              121.15458599300007,
              16.486747600000058
            ],
            [
              121.15478453800006,
              16.486769064000043
            ],
            [
              121.15505284200003,
              16.486769064000043
            ],
            [
              121.15519236000011,
              16.486779796000064
            ],
            [
              121.15533187900007,
              16.486833457000046
            ],
            [
              121.15541237000002,
              16.486919315000023
            ],
            [
              121.15543383400006,
              16.487032002000035
            ],
            [
              121.15543383400006,
              16.487209083000039
            ],
            [
              121.15544993200001,
              16.487294940000027
            ],
            [
              121.15547676300002,
              16.48742909300006
            ],
            [
              121.15559481700006,
              16.487493486000062
            ],
            [
              121.15571823700009,
              16.487531048000051
            ],
            [
              121.15583629000002,
              16.487595441000053
            ],
            [
              121.15602410300005,
              16.487718861000076
            ],
            [
              121.15614752300007,
              16.487928138000029
            ],
            [
              121.15621728200006,
              16.488094487000069
            ],
            [
              121.15645875600001,
              16.488276934000055
            ],
            [
              121.15663047100008,
              16.488421818000063
            ],
            [
              121.15675389100011,
              16.488534506000065
            ],
            [
              121.15684511400002,
              16.488754515000039
            ],
            [
              121.15693633700005,
              16.488979891000042
            ],
            [
              121.15705439100009,
              16.489221364000059
            ],
            [
              121.15719927500004,
              16.489452106000044
            ],
            [
              121.15736025800004,
              16.489639919000069
            ],
            [
              121.15749977600001,
              16.489774071000056
            ],
            [
              121.15766075900001,
              16.489908223000043
            ],
            [
              121.15778954500001,
              16.490010178000034
            ],
            [
              121.15795052700003,
              16.490069205000054
            ],
            [
              121.15806321500008,
              16.490155063000032
            ],
            [
              121.1582885900001,
              16.490246286000058
            ]
          ]
        ]
      },
      "properties": {
        "brgy_name": "San Nicolas North (Luyang)",
        "brgy_code": "025005026",
        "city_name": "Bayombong",
        "prov_name": "Nueva Vizcaya"
      }
    },
    {
      "type": "Feature",
      "geometry": {
        "type": "Polygon",
        "coordinates": [
          [
            [
              121.16967403700005,
              16.494506500000057
            ],
            [
              121.16938315600009,
              16.494277715000067
            ],
            [
              121.16891187500005,
              16.493962487000033
            ],
            [
              121.16821899700005,
              16.493734649000032
            ],
            [
              121.16782574300009,
              16.493675349000057
            ],
            [
              121.16738255100006,
              16.493603564000068
            ],
            [
              121.16710477600009,
              16.493559869000023
            ],
            [
              121.16650865200006,
              16.493394453000064
            ],
            [
              121.16624648200002,
              16.493319547000056
            ],
            [
              121.16610291300003,
              16.493229036000059
            ],
            [
              121.1660217650001,
              16.493197825000038
            ],
            [
              121.16584698500003,
              16.493169736000027
            ],
            [
              121.16569717400012,
              16.493166615000064
            ],
            [
              121.16546621500004,
              16.493082346000051
            ],
            [
              121.16510729200002,
              16.492988714000035
            ],
            [
              121.16496060200006,
              16.492988714000035
            ],
            [
              121.16482327500012,
              16.49292941300007
            ],
            [
              121.16462976900004,
              16.492901324000059
            ],
            [
              121.16446747300006,
              16.49285138700003
            ],
            [
              121.1643114200001,
              16.492810813000062
            ],
            [
              121.16420530300002,
              16.492767118000074
            ],
            [
              121.16412727700003,
              16.492763997000054
            ],
            [
              121.16403052400005,
              16.492735907000053
            ],
            [
              121.16396498100005,
              16.492679728000041
            ],
            [
              121.16380268600005,
              16.492636033000053
            ],
            [
              121.16365599500011,
              16.492367621000028
            ],
            [
              121.16327465100005,
              16.492342851000046
            ],
            [
              121.16300090300001,
              16.492232057000024
            ],
            [
              121.1627353990001,
              16.492176744000062
            ],
            [
              121.16242999100007,
              16.492115143000035
            ],
            [
              121.1622880220001,
              16.492103935000046
            ],
            [
              121.16204891600012,
              16.492100199000049
            ],
            [
              121.16178739500003,
              16.492092727000056
            ],
            [
              121.16160847000003,
              16.493644814000049
            ],
            [
              121.16060765300006,
              16.49446589300004
            ],
            [
              121.16040748900002,
              16.495617854000045
            ],
            [
              121.1574500270001,
              16.494903710000074
            ],
            [
              121.15733688600005,
              16.494630612000037
            ],
            [
              121.15716522500009,
              16.494474556000057
            ],
            [
              121.15696625300006,
              16.494244373000072
            ],
            [
              121.15680239400001,
              16.493990782000026
            ],
            [
              121.15666194400001,
              16.493897149000077
            ],
            [
              121.15639664900004,
              16.493674769000052
            ],
            [
              121.15621328300006,
              16.493627952000054
            ],
            [
              121.15610404400002,
              16.493561628000066
            ],
            [
              121.15602211400005,
              16.49345629100003
            ],
            [
              121.15592457900004,
              16.493483600000047
            ],
            [
              121.15582704400003,
              16.493452389000026
            ],
            [
              121.15581924200001,
              16.493389967000041
            ],
            [
              121.15586605800002,
              16.493292432000032
            ],
            [
              121.15589727000008,
              16.493218305000028
            ],
            [
              121.15592848100005,
              16.493128573000035
            ],
            [
              121.1559987060001,
              16.493062249000047
            ],
            [
              121.15613525500009,
              16.492995925000059
            ],
            [
              121.15620548000004,
              16.492949109000051
            ],
            [
              121.15626790300007,
              16.492855475000056
            ],
            [
              121.15649418400005,
              16.492699419000076
            ],
            [
              121.15619767700002,
              16.492336589000047
            ],
            [
              121.1560416210001,
              16.492200040000057
            ],
            [
              121.15603772000009,
              16.492102505000048
            ],
            [
              121.1560416210001,
              16.492020576000073
            ],
            [
              121.15596749500003,
              16.491934745000037
            ],
            [
              121.15590507200011,
              16.491774787000054
            ],
            [
              121.1560884380001,
              16.491743576000033
            ],
            [
              121.15622888900009,
              16.491716266000026
            ],
            [
              121.15636153600008,
              16.491685055000062
            ],
            [
              121.15651759200011,
              16.491626534000034
            ],
            [
              121.15663853600006,
              16.491536802000041
            ],
            [
              121.15668925400007,
              16.491439267000032
            ],
            [
              121.15677508500005,
              16.491326126000047
            ],
            [
              121.15684837300012,
              16.491222234000077
            ],
            [
              121.15691562200004,
              16.491158721000033
            ],
            [
              121.15699407800003,
              16.491072793000058
            ],
            [
              121.15710615900002,
              16.490956976000064
            ],
            [
              121.15717340700007,
              16.490867311000045
            ],
            [
              121.15730416800011,
              16.490785119000066
            ],
            [
              121.1573751520001,
              16.490725343000065
            ],
            [
              121.15744613700008,
              16.490673038000068
            ],
            [
              121.15755074500009,
              16.490594582000028
            ],
            [
              121.15758810600005,
              16.490527333000045
            ],
            [
              121.1575918420001,
              16.490445141000066
            ],
            [
              121.15761799400002,
              16.49036294800004
            ],
            [
              121.15769645000012,
              16.490295700000047
            ],
            [
              121.1582885900001,
              16.490246286000058
            ],
            [
              121.1584495730001,
              16.490267750000044
            ],
            [
              121.15860253300002,
              16.490123351000022
            ],
            [
              121.15963334700007,
              16.489099478000071
            ],
            [
              121.1597939290001,
              16.489236394000045
            ],
            [
              121.16071969400002,
              16.488283851000062
            ],
            [
              121.16121126600001,
              16.487776723000025
            ],
            [
              121.16126807300009,
              16.487718118000032
            ],
            [
              121.16194140000005,
              16.487003142000049
            ],
            [
              121.16635113000007,
              16.481896866000056
            ],
            [
              121.1707235130001,
              16.47719027100004
            ],
            [
              121.17185338600007,
              16.47854241400006
            ],
            [
              121.17305646400007,
              16.479419040000039
            ],
            [
              121.17586821800012,
              16.480012632000069
            ],
            [
              121.17721161100008,
              16.479856424000047
            ],
            [
              121.17702102400006,
              16.480062026000041
            ],
            [
              121.17492302900007,
              16.480645005000042
            ],
            [
              121.17322203700007,
              16.481583959000034
            ],
            [
              121.17209304500011,
              16.482670901000063
            ],
            [
              121.17110105000006,
              16.483234873000072
            ],
            [
              121.17026805500007,
              16.483922837000023
            ],
            [
              121.16946806100009,
              16.484606801000041
            ],
            [
              121.16825506800001,
              16.485540753000066
            ],
            [
              121.16703531300004,
              16.487332643000059
            ],
            [
              121.16669200000001,
              16.487631236000027
            ],
            [
              121.16617246500005,
              16.488039043000072
            ],
            [
              121.16643876700005,
              16.488218310000036
            ],
            [
              121.16676214200004,
              16.488675496000042
            ],
            [
              121.16704091400004,
              16.489065777000064
            ],
            [
              121.16711897000005,
              16.489389152000058
            ],
            [
              121.16698516000008,
              16.489601019000077
            ],
            [
              121.16716357400003,
              16.489868640000054
            ],
            [
              121.16746464700009,
              16.490013601000044
            ],
            [
              121.16773226800001,
              16.490281222000021
            ],
            [
              121.16967403700005,
              16.494506500000057
            ]
          ]
        ]
      },
      "properties": {
        "brgy_name": "Santa Rosa",
        "brgy_code": "025005027",
        "city_name": "Bayombong",
        "prov_name": "Nueva Vizcaya"
      }
    },
    {
      "type": "Feature",
      "geometry": {
        "type": "Polygon",
        "coordinates": [
          [
            [
              121.14271833200007,
              16.477362914000025
            ],
            [
              121.14264615500008,
              16.477190492000034
            ],
            [
              121.14256996900008,
              16.477070198000035
            ],
            [
              121.1423614580001,
              16.476917825000044
            ],
            [
              121.14058911900008,
              16.478128790000028
            ],
            [
              121.13937815400004,
              16.479026989000033
            ],
            [
              121.13778625600003,
              16.482214794000072
            ],
            [
              121.13244441800009,
              16.479972930000031
            ],
            [
              121.13187055900005,
              16.476036817000022
            ],
            [
              121.13436247200002,
              16.475095887000066
            ],
            [
              121.13524136300009,
              16.474785691000022
            ],
            [
              121.13559291900003,
              16.474661612000034
            ],
            [
              121.13621331200011,
              16.474609912000062
            ],
            [
              121.13668894700004,
              16.47440311500003
            ],
            [
              121.13811585400003,
              16.47318761300005
            ],
            [
              121.13969029700002,
              16.473116692000076
            ],
            [
              121.14178852400005,
              16.472476028000074
            ],
            [
              121.14260822900007,
              16.472225743000024
            ],
            [
              121.14376656900004,
              16.472086983000054
            ],
            [
              121.1454256510001,
              16.47213524700004
            ],
            [
              121.14773709400004,
              16.472781917000077
            ],
            [
              121.14955229900011,
              16.472985664000078
            ],
            [
              121.15158977300007,
              16.472800439000025
            ],
            [
              121.14952928200012,
              16.474173056000041
            ],
            [
              121.14932298500003,
              16.474391598000068
            ],
            [
              121.14841729600005,
              16.475438126000029
            ],
            [
              121.14727892200005,
              16.477122296000061
            ],
            [
              121.14706448400011,
              16.477561232000028
            ],
            [
              121.14682834700011,
              16.478025635000051
            ],
            [
              121.14654498300001,
              16.478537264000067
            ],
            [
              121.14610419500002,
              16.478316870000072
            ],
            [
              121.14563945800012,
              16.478052118000051
            ],
            [
              121.14556688200003,
              16.478054317000044
            ],
            [
              121.1455065880001,
              16.47805614400005
            ],
            [
              121.1443331700001,
              16.478379840000059
            ],
            [
              121.14412851800012,
              16.478387711000039
            ],
            [
              121.14393173700012,
              16.478277514000069
            ],
            [
              121.1432233270001,
              16.477758013000027
            ],
            [
              121.14310525900009,
              16.47769504300004
            ],
            [
              121.14292972700002,
              16.477552851000041
            ],
            [
              121.14288946300007,
              16.477476350000074
            ],
            [
              121.14271833200007,
              16.477362914000025
            ]
          ]
        ]
      },
      "properties": {
        "brgy_name": "Vista Alegre (B. Baringin)",
        "brgy_code": "025005028",
        "city_name": "Bayombong",
        "prov_name": "Nueva Vizcaya"
      }
    },
    {
      "type": "Feature",
      "geometry": {
        "type": "Polygon",
        "coordinates": [
          [
            [
              121.21373362700001,
              16.428763899000046
            ],
            [
              121.21499265500006,
              16.432580658000063
            ],
            [
              121.21467966800003,
              16.434352552000064
            ],
            [
              121.21425967900007,
              16.435762469000053
            ],
            [
              121.21300868200001,
              16.43616845300005
            ],
            [
              121.21062068400011,
              16.436294461000045
            ],
            [
              121.20819470000004,
              16.438254359000041
            ],
            [
              121.20584472000007,
              16.440764222000041
            ],
            [
              121.20380773400007,
              16.442571126000075
            ],
            [
              121.20283874300003,
              16.443759060000048
            ],
            [
              121.20250374900002,
              16.444467019000058
            ],
            [
              121.20136675800006,
              16.445694952000053
            ],
            [
              121.19997077000005,
              16.447203870000067
            ],
            [
              121.19924579200006,
              16.450104698000075
            ],
            [
              121.19800980600007,
              16.451969593000058
            ],
            [
              121.19657581900003,
              16.453598503000023
            ],
            [
              121.19562883200001,
              16.455271408000044
            ],
            [
              121.1954008350001,
              16.455780378000043
            ],
            [
              121.19504984300011,
              16.456766321000032
            ],
            [
              121.19469885700005,
              16.458611211000061
            ],
            [
              121.19413387300006,
              16.460777083000039
            ],
            [
              121.19289788900005,
              16.46285096500003
            ],
            [
              121.19138790000011,
              16.464208892000045
            ],
            [
              121.18909890700002,
              16.465043857000069
            ],
            [
              121.18664191700009,
              16.466266800000028
            ],
            [
              121.18629892800004,
              16.467738712000028
            ],
            [
              121.18641293600001,
              16.46881664600005
            ],
            [
              121.18637493800009,
              16.469144626000059
            ],
            [
              121.18606994600009,
              16.470078571000045
            ],
            [
              121.18490294800006,
              16.470361562000051
            ],
            [
              121.1833999480001,
              16.470235580000065
            ],
            [
              121.18215595700008,
              16.471427516000062
            ],
            [
              121.1806759750001,
              16.47371038700004
            ],
            [
              121.17944799200006,
              16.475898263000033
            ],
            [
              121.17452952400004,
              16.47084078000006
            ],
            [
              121.16666274900001,
              16.465085455000064
            ],
            [
              121.16594544100008,
              16.463102308000032
            ],
            [
              121.16189475800002,
              16.460697216000028
            ],
            [
              121.16159939600004,
              16.460444048000056
            ],
            [
              121.16113525500009,
              16.460697216000028
            ],
            [
              121.1604390440001,
              16.460380756000063
            ],
            [
              121.15951076300007,
              16.459368085000051
            ],
            [
              121.15811834100009,
              16.459663448000072
            ],
            [
              121.15725335100001,
              16.459325891000049
            ],
            [
              121.15470057700009,
              16.459663448000072
            ],
            [
              121.15400436600009,
              16.459937713000045
            ],
            [
              121.15271743000005,
              16.459262599000056
            ],
            [
              121.1416367920001,
              16.454737384000055
            ],
            [
              121.17382474800002,
              16.442460338000046
            ],
            [
              121.17467872900011,
              16.439916487000062
            ],
            [
              121.17580071200007,
              16.437669616000051
            ],
            [
              121.17747870100004,
              16.436317687000042
            ],
            [
              121.1787836960001,
              16.43569771600005
            ],
            [
              121.17969869100011,
              16.435071748000041
            ],
            [
              121.18043867800009,
              16.433465841000043
            ],
            [
              121.21373362700001,
              16.428763899000046
            ]
          ]
        ]
      },
      "properties": {
        "brgy_name": "Bansing",
        "brgy_code": "025005019",
        "city_name": "Bayombong",
        "prov_name": "Nueva Vizcaya"
      }
    },
    {
      "type": "Feature",
      "geometry": {
        "type": "Polygon",
        "coordinates": [
          [
            [
              121.19292619100008,
              16.486917050000045
            ],
            [
              121.18794224900012,
              16.49348357100007
            ],
            [
              121.1863347420001,
              16.494590728000048
            ],
            [
              121.18595149500004,
              16.49472912300007
            ],
            [
              121.18390751200002,
              16.492993867000052
            ],
            [
              121.18007504500008,
              16.497028603000047
            ],
            [
              121.17991535900001,
              16.497017957000025
            ],
            [
              121.17973438100012,
              16.497039249000068
            ],
            [
              121.17951082100001,
              16.497103123000045
            ],
            [
              121.17890401300008,
              16.497614119000048
            ],
            [
              121.17871565200005,
              16.497749979000048
            ],
            [
              121.17868329400005,
              16.497701353000025
            ],
            [
              121.17811143800009,
              16.497003144000075
            ],
            [
              121.17593115800003,
              16.498294530000067
            ],
            [
              121.17560032400002,
              16.497770191000029
            ],
            [
              121.17539745500005,
              16.497623500000032
            ],
            [
              121.17514776900009,
              16.497230246000072
            ],
            [
              121.17486063100012,
              16.496996166000031
            ],
            [
              121.17425514400009,
              16.497579805000044
            ],
            [
              121.17363405100002,
              16.496952471000043
            ],
            [
              121.1731908590001,
              16.497242730000039
            ],
            [
              121.17263699900002,
              16.496650283000065
            ],
            [
              121.17191434200004,
              16.495875702000035
            ],
            [
              121.17167387200004,
              16.495583533000058
            ],
            [
              121.17164593100006,
              16.49553862700003
            ],
            [
              121.17158350900002,
              16.495460600000058
            ],
            [
              121.1709780220001,
              16.495167220000042
            ],
            [
              121.17005693900001,
              16.49467800900004
            ],
            [
              121.16974982000011,
              16.494526443000041
            ],
            [
              121.16967403700005,
              16.494506500000057
            ],
            [
              121.16773226800001,
              16.490281222000021
            ],
            [
              121.16746464700009,
              16.490013601000044
            ],
            [
              121.16716357400003,
              16.489868640000054
            ],
            [
              121.16698516000008,
              16.489601019000077
            ],
            [
              121.16711897000005,
              16.489389152000058
            ],
            [
              121.16704091400004,
              16.489065777000064
            ],
            [
              121.16676214200004,
              16.488675496000042
            ],
            [
              121.16643876700005,
              16.488218310000036
            ],
            [
              121.16617246500005,
              16.488039043000072
            ],
            [
              121.16669200000001,
              16.487631236000027
            ],
            [
              121.16703531300004,
              16.487332643000059
            ],
            [
              121.16825506800001,
              16.485540753000066
            ],
            [
              121.16946806100009,
              16.484606801000041
            ],
            [
              121.17026805500007,
              16.483922837000023
            ],
            [
              121.17110105000006,
              16.483234873000072
            ],
            [
              121.17209304500011,
              16.482670901000063
            ],
            [
              121.17322203700007,
              16.481583959000034
            ],
            [
              121.17492302900007,
              16.480645005000042
            ],
            [
              121.17702102400006,
              16.480062026000041
            ],
            [
              121.17721161100008,
              16.479856424000047
            ],
            [
              121.1784330160001,
              16.479108074000067
            ],
            [
              121.17890600500004,
              16.477715156000045
            ],
            [
              121.17944799200006,
              16.475898263000033
            ],
            [
              121.1806759750001,
              16.47371038700004
            ],
            [
              121.18215595700008,
              16.471427516000062
            ],
            [
              121.1833999480001,
              16.470235580000065
            ],
            [
              121.18490294800006,
              16.470361562000051
            ],
            [
              121.18606994600009,
              16.470078571000045
            ],
            [
              121.18637493800009,
              16.469144626000059
            ],
            [
              121.18641293600001,
              16.46881664600005
            ],
            [
              121.18629892800004,
              16.467738712000028
            ],
            [
              121.18664191700009,
              16.466266800000028
            ],
            [
              121.18909890700002,
              16.465043857000069
            ],
            [
              121.19138790000011,
              16.464208892000045
            ],
            [
              121.19289788900005,
              16.46285096500003
            ],
            [
              121.19413387300006,
              16.460777083000039
            ],
            [
              121.19469885700005,
              16.458611211000061
            ],
            [
              121.19504984300011,
              16.456766321000032
            ],
            [
              121.1954008350001,
              16.455780378000043
            ],
            [
              121.19562883200001,
              16.455271408000044
            ],
            [
              121.19657581900003,
              16.453598503000023
            ],
            [
              121.19800980600007,
              16.451969593000058
            ],
            [
              121.19924579200006,
              16.450104698000075
            ],
            [
              121.19997077000005,
              16.447203870000067
            ],
            [
              121.20136675800006,
              16.445694952000053
            ],
            [
              121.20250374900002,
              16.444467019000058
            ],
            [
              121.20283874300003,
              16.443759060000048
            ],
            [
              121.20380773400007,
              16.442571126000075
            ],
            [
              121.20584472000007,
              16.440764222000041
            ],
            [
              121.20819470000004,
              16.438254359000041
            ],
            [
              121.21062068400011,
              16.436294461000045
            ],
            [
              121.21300868200001,
              16.43616845300005
            ],
            [
              121.21425967900007,
              16.435762469000053
            ],
            [
              121.21467966800003,
              16.434352552000064
            ],
            [
              121.21499265500006,
              16.432580658000063
            ],
            [
              121.21373362700001,
              16.428763899000046
            ],
            [
              121.22391160800009,
              16.426877944000069
            ],
            [
              121.2348447170001,
              16.442368925000039
            ],
            [
              121.2322888010001,
              16.453592258000072
            ],
            [
              121.19292619100008,
              16.486917050000045
            ]
          ]
        ]
      },
      "properties": {
        "brgy_name": "Bonfal East",
        "brgy_code": "025005001",
        "city_name": "Bayombong",
        "prov_name": "Nueva Vizcaya"
      }
    },
    {
      "type": "Feature",
      "geometry": {
        "type": "Polygon",
        "coordinates": [
          [
            [
              121.17620822200001,
              16.508908667000071
            ],
            [
              121.17415216100005,
              16.509861013000034
            ],
            [
              121.17259902000001,
              16.510586110000077
            ],
            [
              121.17176857900006,
              16.510970026000052
            ],
            [
              121.16574680500003,
              16.513741238000023
            ],
            [
              121.16229198700012,
              16.51522691200006
            ],
            [
              121.1609122320001,
              16.514277700000036
            ],
            [
              121.1606091970001,
              16.513301253000066
            ],
            [
              121.16013780800006,
              16.512567234000073
            ],
            [
              121.16001659400001,
              16.512345008000068
            ],
            [
              121.15988191200006,
              16.512324806000038
            ],
            [
              121.15977416600003,
              16.512210326000059
            ],
            [
              121.15964621700004,
              16.512210326000059
            ],
            [
              121.15959234400009,
              16.512109314000043
            ],
            [
              121.15947786400011,
              16.511873620000074
            ],
            [
              121.15916809500004,
              16.511483041000076
            ],
            [
              121.15884485700008,
              16.511462838000057
            ],
            [
              121.15860916300005,
              16.511355092000031
            ],
            [
              121.15833979800004,
              16.511119398000062
            ],
            [
              121.15814450900007,
              16.51082309700007
            ],
            [
              121.16601204800008,
              16.505201567000029
            ],
            [
              121.17126226500011,
              16.501463458000046
            ],
            [
              121.17530311000007,
              16.49872072900007
            ],
            [
              121.17593115800003,
              16.498294530000067
            ],
            [
              121.17811143800009,
              16.497003144000075
            ],
            [
              121.17868329400005,
              16.497701353000025
            ],
            [
              121.17871565200005,
              16.497749979000048
            ],
            [
              121.17890401300008,
              16.497614119000048
            ],
            [
              121.17951082100001,
              16.497103123000045
            ],
            [
              121.17973438100012,
              16.497039249000068
            ],
            [
              121.17991535900001,
              16.497017957000025
            ],
            [
              121.18007504500008,
              16.497028603000047
            ],
            [
              121.18390751200002,
              16.492993867000052
            ],
            [
              121.18595149500004,
              16.49472912300007
            ],
            [
              121.1863347420001,
              16.494590728000048
            ],
            [
              121.18794224900012,
              16.49348357100007
            ],
            [
              121.19292619100008,
              16.486917050000045
            ],
            [
              121.19567546200005,
              16.488541619000046
            ],
            [
              121.1923291280001,
              16.497509649000051
            ],
            [
              121.19153838200009,
              16.501948929000037
            ],
            [
              121.19044243500002,
              16.504279551000025
            ],
            [
              121.18857995600001,
              16.505114037000055
            ],
            [
              121.18461588000002,
              16.506901500000026
            ],
            [
              121.1834505700001,
              16.507289937000053
            ],
            [
              121.18179971300003,
              16.508052938000048
            ],
            [
              121.18088411100007,
              16.507955829000025
            ],
            [
              121.18025983700011,
              16.507650628000022
            ],
            [
              121.17631103500003,
              16.50887240000003
            ],
            [
              121.17620822200001,
              16.508908667000071
            ]
          ]
        ]
      },
      "properties": {
        "brgy_name": "Bonfal Proper",
        "brgy_code": "025005002",
        "city_name": "Bayombong",
        "prov_name": "Nueva Vizcaya"
      }
    },
    {
      "type": "Feature",
      "geometry": {
        "type": "Polygon",
        "coordinates": [
          [
            [
              121.17593115800003,
              16.498294530000067
            ],
            [
              121.17530311000007,
              16.49872072900007
            ],
            [
              121.17126226500011,
              16.501463458000046
            ],
            [
              121.16601204800008,
              16.505201567000029
            ],
            [
              121.15814450900007,
              16.51082309700007
            ],
            [
              121.15788187800001,
              16.51079616100003
            ],
            [
              121.15774719600006,
              16.510722085000054
            ],
            [
              121.1576461840001,
              16.510587403000045
            ],
            [
              121.15765965200001,
              16.51035844300003
            ],
            [
              121.15751150100004,
              16.510210292000068
            ],
            [
              121.15737681900009,
              16.510062141000049
            ],
            [
              121.15742395800009,
              16.509900523000056
            ],
            [
              121.15718826400007,
              16.50968503100006
            ],
            [
              121.15728254100009,
              16.509570551000024
            ],
            [
              121.15716806100011,
              16.509388730000069
            ],
            [
              121.15725560500005,
              16.509307920000026
            ],
            [
              121.15726233900011,
              16.509274249000043
            ],
            [
              121.15726233900011,
              16.50924057900005
            ],
            [
              121.1568650260001,
              16.508937544000048
            ],
            [
              121.15692563300001,
              16.508809595000059
            ],
            [
              121.15689869700009,
              16.508715318000043
            ],
            [
              121.15667647100008,
              16.508445953000034
            ],
            [
              121.15644077600007,
              16.508351675000029
            ],
            [
              121.1561646780001,
              16.508277600000042
            ],
            [
              121.15603672900011,
              16.508190056000046
            ],
            [
              121.15582797200011,
              16.507893755000055
            ],
            [
              121.15570675700008,
              16.507799477000049
            ],
            [
              121.15567308700008,
              16.507698466000022
            ],
            [
              121.15569328900006,
              16.507355025000038
            ],
            [
              121.1555586070001,
              16.507206875000065
            ],
            [
              121.15521516700005,
              16.507334823000065
            ],
            [
              121.15492560000007,
              16.507051990000036
            ],
            [
              121.15814091800007,
              16.499225327000033
            ],
            [
              121.1574500270001,
              16.494903710000074
            ],
            [
              121.16040748900002,
              16.495617854000045
            ],
            [
              121.16060765300006,
              16.49446589300004
            ],
            [
              121.16160847000003,
              16.493644814000049
            ],
            [
              121.16178739500003,
              16.492092727000056
            ],
            [
              121.16204891600012,
              16.492100199000049
            ],
            [
              121.1622880220001,
              16.492103935000046
            ],
            [
              121.16242999100007,
              16.492115143000035
            ],
            [
              121.1627353990001,
              16.492176744000062
            ],
            [
              121.16300090300001,
              16.492232057000024
            ],
            [
              121.16327465100005,
              16.492342851000046
            ],
            [
              121.16365599500011,
              16.492367621000028
            ],
            [
              121.16380268600005,
              16.492636033000053
            ],
            [
              121.16396498100005,
              16.492679728000041
            ],
            [
              121.16403052400005,
              16.492735907000053
            ],
            [
              121.16412727700003,
              16.492763997000054
            ],
            [
              121.16420530300002,
              16.492767118000074
            ],
            [
              121.1643114200001,
              16.492810813000062
            ],
            [
              121.16446747300006,
              16.49285138700003
            ],
            [
              121.16462976900004,
              16.492901324000059
            ],
            [
              121.16482327500012,
              16.49292941300007
            ],
            [
              121.16496060200006,
              16.492988714000035
            ],
            [
              121.16510729200002,
              16.492988714000035
            ],
            [
              121.16546621500004,
              16.493082346000051
            ],
            [
              121.16569717400012,
              16.493166615000064
            ],
            [
              121.16584698500003,
              16.493169736000027
            ],
            [
              121.1660217650001,
              16.493197825000038
            ],
            [
              121.16610291300003,
              16.493229036000059
            ],
            [
              121.16624648200002,
              16.493319547000056
            ],
            [
              121.16650865200006,
              16.493394453000064
            ],
            [
              121.16710477600009,
              16.493559869000023
            ],
            [
              121.16738255100006,
              16.493603564000068
            ],
            [
              121.16782574300009,
              16.493675349000057
            ],
            [
              121.16821899700005,
              16.493734649000032
            ],
            [
              121.16891187500005,
              16.493962487000033
            ],
            [
              121.16938315600009,
              16.494277715000067
            ],
            [
              121.16967403700005,
              16.494506500000057
            ],
            [
              121.16974982000011,
              16.494526443000041
            ],
            [
              121.17005693900001,
              16.49467800900004
            ],
            [
              121.1709780220001,
              16.495167220000042
            ],
            [
              121.17158350900002,
              16.495460600000058
            ],
            [
              121.17164593100006,
              16.49553862700003
            ],
            [
              121.17167387200004,
              16.495583533000058
            ],
            [
              121.17191434200004,
              16.495875702000035
            ],
            [
              121.17263699900002,
              16.496650283000065
            ],
            [
              121.1731908590001,
              16.497242730000039
            ],
            [
              121.17363405100002,
              16.496952471000043
            ],
            [
              121.17425514400009,
              16.497579805000044
            ],
            [
              121.17486063100012,
              16.496996166000031
            ],
            [
              121.17514776900009,
              16.497230246000072
            ],
            [
              121.17539745500005,
              16.497623500000032
            ],
            [
              121.17560032400002,
              16.497770191000029
            ],
            [
              121.17593115800003,
              16.498294530000067
            ]
          ]
        ]
      },
      "properties": {
        "brgy_name": "Bonfal West",
        "brgy_code": "025005003",
        "city_name": "Bayombong",
        "prov_name": "Nueva Vizcaya"
      }
    },
    {
      "type": "Feature",
      "geometry": {
        "type": "Polygon",
        "coordinates": [
          [
            [
              121.11226702200008,
              16.454457595000065
            ],
            [
              121.10995330900005,
              16.454721964000043
            ],
            [
              121.10826401700001,
              16.454944750000038
            ],
            [
              121.1077581940001,
              16.455028526000035
            ],
            [
              121.07116467200001,
              16.461770062000028
            ],
            [
              121.07055288300012,
              16.454349323000031
            ],
            [
              121.06839382900012,
              16.446822796000049
            ],
            [
              121.0760806940001,
              16.440925437000033
            ],
            [
              121.09558305400003,
              16.436343266000051
            ],
            [
              121.10586743600004,
              16.433905863000064
            ],
            [
              121.10796992400003,
              16.433794640000031
            ],
            [
              121.10798627000008,
              16.433484069000031
            ],
            [
              121.10811158800004,
              16.433119011000031
            ],
            [
              121.10838401900003,
              16.432895618000032
            ],
            [
              121.10874362700008,
              16.432781197000054
            ],
            [
              121.10891786100001,
              16.432775710000044
            ],
            [
              121.10906031500008,
              16.432782322000037
            ],
            [
              121.10925446200008,
              16.432802301000038
            ],
            [
              121.11129215200003,
              16.432976042000064
            ],
            [
              121.11012176300005,
              16.44185955100005
            ],
            [
              121.10994673000005,
              16.443493186000069
            ],
            [
              121.11053017100005,
              16.445797777000053
            ],
            [
              121.11128464000001,
              16.446949391000032
            ],
            [
              121.11201441000003,
              16.447959841000056
            ],
            [
              121.11253366900007,
              16.449265005000029
            ],
            [
              121.11257577100002,
              16.450626306000061
            ],
            [
              121.11216878400012,
              16.451819198000067
            ],
            [
              121.11193020600001,
              16.453250668000067
            ],
            [
              121.11226702200008,
              16.454457595000065
            ]
          ]
        ]
      },
      "properties": {
        "brgy_name": "Buenavista (Vista Hills)",
        "brgy_code": "025005004",
        "city_name": "Bayombong",
        "prov_name": "Nueva Vizcaya"
      }
    },
    {
      "type": "Feature",
      "geometry": {
        "type": "Polygon",
        "coordinates": [
          [
            [
              121.1258607310001,
              16.472109616000068
            ],
            [
              121.12400046700009,
              16.473220672000025
            ],
            [
              121.12362644200005,
              16.473448340000061
            ],
            [
              121.12344756000005,
              16.473643484000036
            ],
            [
              121.12319549900008,
              16.473781711000072
            ],
            [
              121.1229678310001,
              16.473732925000036
            ],
            [
              121.12271577000001,
              16.473562174000051
            ],
            [
              121.12255315000004,
              16.473554043000036
            ],
            [
              121.12250436400006,
              16.473667877000025
            ],
            [
              121.12260193600002,
              16.473822366000036
            ],
            [
              121.12250436400006,
              16.473944331000041
            ],
            [
              121.12231735100011,
              16.473993117000077
            ],
            [
              121.12204089800002,
              16.474074427000062
            ],
            [
              121.12201098500009,
              16.474136215000044
            ],
            [
              121.12118686500003,
              16.474590756000055
            ],
            [
              121.12098511000011,
              16.474690360000068
            ],
            [
              121.12082681700008,
              16.474790026000051
            ],
            [
              121.12052781800003,
              16.475071436000064
            ],
            [
              121.12056885700008,
              16.475171102000047
            ],
            [
              121.12059638800008,
              16.475227962000076
            ],
            [
              121.12060488400004,
              16.475270442000067
            ],
            [
              121.12055126900009,
              16.47533525800003
            ],
            [
              121.12024640800007,
              16.475429062000046
            ],
            [
              121.11903282600008,
              16.476144313000077
            ],
            [
              121.12030126200011,
              16.47758359200003
            ],
            [
              121.12032376700006,
              16.477741127000058
            ],
            [
              121.12043066600006,
              16.477819894000049
            ],
            [
              121.12052631200004,
              16.477994308000063
            ],
            [
              121.12050943300005,
              16.478134965000038
            ],
            [
              121.12035752400004,
              16.478129338000031
            ],
            [
              121.12025062500004,
              16.478084328000023
            ],
            [
              121.12017185800005,
              16.47808995500003
            ],
            [
              121.12016623200009,
              16.478174348000039
            ],
            [
              121.12023858700002,
              16.478217007000069
            ],
            [
              121.12028215900011,
              16.478306571000076
            ],
            [
              121.12027247600008,
              16.478386452000052
            ],
            [
              121.12019743600001,
              16.478403397000022
            ],
            [
              121.12005703900002,
              16.478371928000058
            ],
            [
              121.1199626340001,
              16.478289627000038
            ],
            [
              121.11995537200005,
              16.478224269000066
            ],
            [
              121.11995299200009,
              16.478222682000023
            ],
            [
              121.11991180100006,
              16.478195222000068
            ],
            [
              121.11982223700011,
              16.478183118000061
            ],
            [
              121.11977866500001,
              16.478224269000066
            ],
            [
              121.11977382400005,
              16.478282365000041
            ],
            [
              121.11983191900003,
              16.478313833000072
            ],
            [
              121.11986564900008,
              16.478382960000033
            ],
            [
              121.11992501100008,
              16.478504619000034
            ],
            [
              121.1199316310001,
              16.478541028000052
            ],
            [
              121.11987867200003,
              16.478610537000066
            ],
            [
              121.11977606400001,
              16.478650256000037
            ],
            [
              121.11973303500008,
              16.478666806000035
            ],
            [
              121.11972641500006,
              16.478709835000075
            ],
            [
              121.11980254300011,
              16.478782654000042
            ],
            [
              121.11980254300011,
              16.478895191000049
            ],
            [
              121.11967676600011,
              16.478971320000028
            ],
            [
              121.11952185100006,
              16.479013846000043
            ],
            [
              121.11950795900009,
              16.479017659000021
            ],
            [
              121.11930936300007,
              16.479014349000067
            ],
            [
              121.11911407600007,
              16.479073928000048
            ],
            [
              121.11894858000005,
              16.479027589000054
            ],
            [
              121.11884928100005,
              16.47903751900003
            ],
            [
              121.11877977300003,
              16.479107027000055
            ],
            [
              121.11874667300003,
              16.479199706000031
            ],
            [
              121.11877646300002,
              16.479272524000066
            ],
            [
              121.1188327320001,
              16.479388372000074
            ],
            [
              121.11880294200012,
              16.479510840000046
            ],
            [
              121.1187003340001,
              16.479616758000077
            ],
            [
              121.11863413600008,
              16.479653167000038
            ],
            [
              121.11864406500001,
              16.479696196000077
            ],
            [
              121.11867716500001,
              16.47979880400004
            ],
            [
              121.11866392500008,
              16.479868313000054
            ],
            [
              121.11859441600006,
              16.479888173000063
            ],
            [
              121.11850504800009,
              16.479851763000056
            ],
            [
              121.11836603100005,
              16.479888173000063
            ],
            [
              121.11830314200006,
              16.479987471000072
            ],
            [
              121.11589494700002,
              16.481027231000041
            ],
            [
              121.11548586700007,
              16.481566472000054
            ],
            [
              121.11084775300003,
              16.483239715000025
            ],
            [
              121.11059178400001,
              16.483586026000069
            ],
            [
              121.11040206600001,
              16.483736596000028
            ],
            [
              121.11011297200002,
              16.484070861000077
            ],
            [
              121.10982387700005,
              16.484239500000058
            ],
            [
              121.1094805780001,
              16.484203363000063
            ],
            [
              121.10937517900004,
              16.484251545000063
            ],
            [
              121.10908307300008,
              16.48460086800003
            ],
            [
              121.1087939790001,
              16.484706267000035
            ],
            [
              121.1084356230001,
              16.484784563000062
            ],
            [
              121.10829709800009,
              16.484775529000046
            ],
            [
              121.10813749400006,
              16.484715301000051
            ],
            [
              121.10635789500009,
              16.484859930000027
            ],
            [
              121.10002107900004,
              16.485936711000022
            ],
            [
              121.09963086400012,
              16.485907655000062
            ],
            [
              121.07201009900007,
              16.483733524000058
            ],
            [
              121.07184300300003,
              16.470652321000046
            ],
            [
              121.07116467200001,
              16.461770062000028
            ],
            [
              121.1077581940001,
              16.455028526000035
            ],
            [
              121.10826401700001,
              16.454944750000038
            ],
            [
              121.10995330900005,
              16.454721964000043
            ],
            [
              121.11226702200008,
              16.454457595000065
            ],
            [
              121.11296872300011,
              16.455482079000035
            ],
            [
              121.11383648300011,
              16.456531420000033
            ],
            [
              121.11455122100006,
              16.458109800000045
            ],
            [
              121.11502771300002,
              16.459598837000044
            ],
            [
              121.11545953300003,
              16.460313575000043
            ],
            [
              121.1173803910001,
              16.462219542000071
            ],
            [
              121.11904811300008,
              16.464393536000046
            ],
            [
              121.12082006700007,
              16.465197616000069
            ],
            [
              121.12251756900002,
              16.465971916000058
            ],
            [
              121.12357478600006,
              16.467460953000057
            ],
            [
              121.12412573000006,
              16.46927757800006
            ],
            [
              121.12472599700004,
              16.470946514000048
            ],
            [
              121.12520825900003,
              16.471542249000038
            ],
            [
              121.1258607310001,
              16.472109616000068
            ]
          ]
        ]
      },
      "properties": {
        "brgy_name": "Busilac",
        "brgy_code": "025005005",
        "city_name": "Bayombong",
        "prov_name": "Nueva Vizcaya"
      }
    },
    {
      "type": "Feature",
      "geometry": {
        "type": "Polygon",
        "coordinates": [
          [
            [
              121.1290264810001,
              16.543768331000024
            ],
            [
              121.12165396900002,
              16.552472375000036
            ],
            [
              121.11569657500002,
              16.550685154000064
            ],
            [
              121.11168786700011,
              16.548189158000071
            ],
            [
              121.10517552700003,
              16.543471665000027
            ],
            [
              121.10003002700012,
              16.540876169000057
            ],
            [
              121.09566999300012,
              16.537099315000034
            ],
            [
              121.10244163600009,
              16.534196375000022
            ],
            [
              121.1096930870001,
              16.521748781000042
            ],
            [
              121.11021253100012,
              16.521594871000048
            ],
            [
              121.11067425900001,
              16.521623729000055
            ],
            [
              121.11109751000004,
              16.521816116000025
            ],
            [
              121.11203058600006,
              16.522046980000027
            ],
            [
              121.11275203600007,
              16.522220128000072
            ],
            [
              121.1135312020001,
              16.522325941000076
            ],
            [
              121.11402178800006,
              16.522335560000045
            ],
            [
              121.11440656200011,
              16.522585663000029
            ],
            [
              121.1148105740001,
              16.523066630000073
            ],
            [
              121.11369479500001,
              16.525320284000031
            ],
            [
              121.11669351900002,
              16.528317999000024
            ],
            [
              121.11849576000009,
              16.530117724000036
            ],
            [
              121.12453762600001,
              16.534359262000066
            ],
            [
              121.1294613660001,
              16.536739251000029
            ],
            [
              121.1288432450001,
              16.541766634000055
            ],
            [
              121.1290264810001,
              16.543768331000024
            ]
          ]
        ]
      },
      "properties": {
        "brgy_name": "Cabuaan",
        "brgy_code": "025005020",
        "city_name": "Bayombong",
        "prov_name": "Nueva Vizcaya"
      }
    },
    {
      "type": "Feature",
      "geometry": {
        "type": "Polygon",
        "coordinates": [
          [
            [
              121.13279169800001,
              16.531031932000076
            ],
            [
              121.1322674160001,
              16.531977016000042
            ],
            [
              121.1294613660001,
              16.536739251000029
            ],
            [
              121.12453762600001,
              16.534359262000066
            ],
            [
              121.11849576000009,
              16.530117724000036
            ],
            [
              121.11669351900002,
              16.528317999000024
            ],
            [
              121.1201718100001,
              16.526458780000041
            ],
            [
              121.14529133400004,
              16.510151099000041
            ],
            [
              121.15157887500004,
              16.508559191000074
            ],
            [
              121.15492560000007,
              16.507051990000036
            ],
            [
              121.15521516700005,
              16.507334823000065
            ],
            [
              121.1555586070001,
              16.507206875000065
            ],
            [
              121.15569328900006,
              16.507355025000038
            ],
            [
              121.15567308700008,
              16.507698466000022
            ],
            [
              121.15570675700008,
              16.507799477000049
            ],
            [
              121.15582797200011,
              16.507893755000055
            ],
            [
              121.15603672900011,
              16.508190056000046
            ],
            [
              121.1561646780001,
              16.508277600000042
            ],
            [
              121.15644077600007,
              16.508351675000029
            ],
            [
              121.15667647100008,
              16.508445953000034
            ],
            [
              121.15689869700009,
              16.508715318000043
            ],
            [
              121.15692563300001,
              16.508809595000059
            ],
            [
              121.1568650260001,
              16.508937544000048
            ],
            [
              121.15726233900011,
              16.50924057900005
            ],
            [
              121.15726233900011,
              16.509274249000043
            ],
            [
              121.15725560500005,
              16.509307920000026
            ],
            [
              121.15716806100011,
              16.509388730000069
            ],
            [
              121.15728254100009,
              16.509570551000024
            ],
            [
              121.15718826400007,
              16.50968503100006
            ],
            [
              121.15742395800009,
              16.509900523000056
            ],
            [
              121.15737681900009,
              16.510062141000049
            ],
            [
              121.15751150100004,
              16.510210292000068
            ],
            [
              121.15765965200001,
              16.51035844300003
            ],
            [
              121.1576461840001,
              16.510587403000045
            ],
            [
              121.15774719600006,
              16.510722085000054
            ],
            [
              121.15788187800001,
              16.51079616100003
            ],
            [
              121.15814450900007,
              16.51082309700007
            ],
            [
              121.15833979800004,
              16.511119398000062
            ],
            [
              121.15860916300005,
              16.511355092000031
            ],
            [
              121.15884485700008,
              16.511462838000057
            ],
            [
              121.15916809500004,
              16.511483041000076
            ],
            [
              121.15947786400011,
              16.511873620000074
            ],
            [
              121.15959234400009,
              16.512109314000043
            ],
            [
              121.15964621700004,
              16.512210326000059
            ],
            [
              121.15977416600003,
              16.512210326000059
            ],
            [
              121.15988191200006,
              16.512324806000038
            ],
            [
              121.16001659400001,
              16.512345008000068
            ],
            [
              121.16013780800006,
              16.512567234000073
            ],
            [
              121.1606091970001,
              16.513301253000066
            ],
            [
              121.1609122320001,
              16.514277700000036
            ],
            [
              121.16229198700012,
              16.51522691200006
            ],
            [
              121.15073718400004,
              16.520146378000049
            ],
            [
              121.15086182700009,
              16.520433168000068
            ],
            [
              121.15090043300006,
              16.520479495000075
            ],
            [
              121.15089050600011,
              16.520584284000051
            ],
            [
              121.15091366900003,
              16.520621787000039
            ],
            [
              121.15089050600011,
              16.520699000000036
            ],
            [
              121.15084748700008,
              16.520924019000063
            ],
            [
              121.15083314800006,
              16.520944977000056
            ],
            [
              121.15080667500001,
              16.520967037000048
            ],
            [
              121.1507890260001,
              16.521065208000039
            ],
            [
              121.1507835110001,
              16.52113580200006
            ],
            [
              121.15075152300005,
              16.521209705000047
            ],
            [
              121.15076046100012,
              16.521275370000069
            ],
            [
              121.15079915700005,
              16.521316342000034
            ],
            [
              121.15082647100007,
              16.521339104000049
            ],
            [
              121.15085151000005,
              16.521368695000035
            ],
            [
              121.15087654800004,
              16.521386904000053
            ],
            [
              121.15093345300011,
              16.521382352000046
            ],
            [
              121.1513591050001,
              16.52139145700005
            ],
            [
              121.15140462900001,
              16.521414219000064
            ],
            [
              121.15141828700007,
              16.521450638000033
            ],
            [
              121.15145243000006,
              16.52146884800004
            ],
            [
              121.15146608700002,
              16.521491610000055
            ],
            [
              121.15154347800001,
              16.521534858000052
            ],
            [
              121.15157989800002,
              16.521528029000024
            ],
            [
              121.15167777500005,
              16.521498439000027
            ],
            [
              121.15171191800005,
              16.521666878000076
            ],
            [
              121.15185759600001,
              16.521878566000055
            ],
            [
              121.15186442400011,
              16.521919538000077
            ],
            [
              121.15190994900001,
              16.521919538000077
            ],
            [
              121.15193043500005,
              16.521901328000069
            ],
            [
              121.1519941680001,
              16.521844423000061
            ],
            [
              121.15200782600004,
              16.52175337500006
            ],
            [
              121.15208294100012,
              16.521746546000031
            ],
            [
              121.15213757000004,
              16.52179207000006
            ],
            [
              121.15215805600008,
              16.521846699000037
            ],
            [
              121.15226276200008,
              16.521937748000028
            ],
            [
              121.15230145700002,
              16.521974167000053
            ],
            [
              121.15230828600011,
              16.522085702000027
            ],
            [
              121.15238340100007,
              16.522208617000047
            ],
            [
              121.15236974400011,
              16.522235932000058
            ],
            [
              121.15233104800006,
              16.52225641800004
            ],
            [
              121.15231056200003,
              16.522322428000052
            ],
            [
              121.15227414300011,
              16.522377057000028
            ],
            [
              121.1522900760001,
              16.522470382000051
            ],
            [
              121.15230145700002,
              16.522563706000028
            ],
            [
              121.15235836300008,
              16.522627440000065
            ],
            [
              121.15241071500009,
              16.522677517000034
            ],
            [
              121.15249265900002,
              16.522677517000034
            ],
            [
              121.15256777400009,
              16.522663860000023
            ],
            [
              121.15265882300002,
              16.522698003000073
            ],
            [
              121.15281132900009,
              16.522823195000058
            ],
            [
              121.15146306600002,
              16.523744348000037
            ],
            [
              121.14968081900008,
              16.52489440100004
            ],
            [
              121.14648622600009,
              16.52624621800004
            ],
            [
              121.14495882200004,
              16.52644056500003
            ],
            [
              121.14424017300007,
              16.526340753000056
            ],
            [
              121.14134576000004,
              16.52753378400007
            ],
            [
              121.13279169800001,
              16.531031932000076
            ]
          ]
        ]
      },
      "properties": {
        "brgy_name": "Casat",
        "brgy_code": "025005006",
        "city_name": "Bayombong",
        "prov_name": "Nueva Vizcaya"
      }
    },
    {
      "type": "Feature",
      "geometry": {
        "type": "Polygon",
        "coordinates": [
          [
            [
              121.16394427900002,
              16.475986309000064
            ],
            [
              121.1589168700001,
              16.480689341000073
            ],
            [
              121.15728499200009,
              16.482626819000075
            ],
            [
              121.15722725500007,
              16.483239759000071
            ],
            [
              121.15720415900012,
              16.483466529000054
            ],
            [
              121.15693539400002,
              16.484470195000029
            ],
            [
              121.1568913000001,
              16.484512190000032
            ],
            [
              121.15683040800002,
              16.484507990000054
            ],
            [
              121.15655354100011,
              16.484456068000043
            ],
            [
              121.15642306300003,
              16.484396705000051
            ],
            [
              121.15612700200006,
              16.484793552000042
            ],
            [
              121.15573015500001,
              16.48444919800005
            ],
            [
              121.15567766200002,
              16.484436600000038
            ],
            [
              121.15560627100001,
              16.484438700000055
            ],
            [
              121.15521992300012,
              16.484705364000035
            ],
            [
              121.15444512600004,
              16.485328981000066
            ],
            [
              121.15369074400007,
              16.484975342000041
            ],
            [
              121.15305617100012,
              16.484681359000035
            ],
            [
              121.15272051400007,
              16.484479045000057
            ],
            [
              121.15213541500009,
              16.484144515000025
            ],
            [
              121.15046862200006,
              16.482896587000027
            ],
            [
              121.15035672400006,
              16.482877622000046
            ],
            [
              121.15022024900009,
              16.482878498000048
            ],
            [
              121.15014100700012,
              16.482865129000061
            ],
            [
              121.1513151800001,
              16.482276285000069
            ],
            [
              121.15185059100008,
              16.481940489000067
            ],
            [
              121.15220991300009,
              16.481716395000035
            ],
            [
              121.15302708100012,
              16.481177412000022
            ],
            [
              121.15350810900009,
              16.480905023000048
            ],
            [
              121.15362595200008,
              16.480833544000063
            ],
            [
              121.15378243100008,
              16.480692520000048
            ],
            [
              121.16061023000009,
              16.473448727000061
            ],
            [
              121.16192532700006,
              16.474967572000025
            ],
            [
              121.16394427900002,
              16.475986309000064
            ]
          ]
        ]
      },
      "properties": {
        "brgy_name": "Don Mariano Marcos",
        "brgy_code": "025005021",
        "city_name": "Bayombong",
        "prov_name": "Nueva Vizcaya"
      }
    },
    {
      "type": "Feature",
      "geometry": {
        "type": "Polygon",
        "coordinates": [
          [
            [
              121.14645205800002,
              16.487277810000023
            ],
            [
              121.14373555900011,
              16.488924446000055
            ],
            [
              121.14149093500009,
              16.490476803000035
            ],
            [
              121.14026825300004,
              16.488997905000076
            ],
            [
              121.13921531200003,
              16.487091067000051
            ],
            [
              121.13827930500008,
              16.484249891000047
            ],
            [
              121.13789452100002,
              16.483742535000033
            ],
            [
              121.13778625600003,
              16.482214794000072
            ],
            [
              121.13937815400004,
              16.479026989000033
            ],
            [
              121.14058911900008,
              16.478128790000028
            ],
            [
              121.1423614580001,
              16.476917825000044
            ],
            [
              121.14256996900008,
              16.477070198000035
            ],
            [
              121.14264615500008,
              16.477190492000034
            ],
            [
              121.14271833200007,
              16.477362914000025
            ],
            [
              121.14275892500007,
              16.47749826300003
            ],
            [
              121.14279828100007,
              16.477765884000064
            ],
            [
              121.14292422100004,
              16.477970536000043
            ],
            [
              121.14305803200011,
              16.478041377000068
            ],
            [
              121.14327055500007,
              16.478222415000062
            ],
            [
              121.14351456200006,
              16.478458552000063
            ],
            [
              121.14444493500002,
              16.47932834900007
            ],
            [
              121.14526984500003,
              16.480229577000046
            ],
            [
              121.14532494400009,
              16.480387001000054
            ],
            [
              121.1453643000001,
              16.480599525000059
            ],
            [
              121.14531707200001,
              16.480851404000077
            ],
            [
              121.14531707200001,
              16.481095412000059
            ],
            [
              121.14531707200001,
              16.481237094000051
            ],
            [
              121.1454036560001,
              16.481559814000036
            ],
            [
              121.14556820900009,
              16.48173244000003
            ],
            [
              121.14605225500009,
              16.482305804000077
            ],
            [
              121.14664866900011,
              16.482922386000041
            ],
            [
              121.14696848500012,
              16.483345927000073
            ],
            [
              121.14734539300002,
              16.483706572000074
            ],
            [
              121.14779074700004,
              16.484178849000045
            ],
            [
              121.14805547000003,
              16.484359693000044
            ],
            [
              121.14844182800005,
              16.48454214000003
            ],
            [
              121.14917161500011,
              16.484837274000029
            ],
            [
              121.14910473800001,
              16.484876346000021
            ],
            [
              121.14836811900011,
              16.485340459000042
            ],
            [
              121.14881094200007,
              16.485970630000054
            ],
            [
              121.14860230500005,
              16.486081336000041
            ],
            [
              121.14847030900012,
              16.486123915000064
            ],
            [
              121.14830850900012,
              16.486157978000051
            ],
            [
              121.14815522400011,
              16.486217589000034
            ],
            [
              121.14798916500001,
              16.486277200000075
            ],
            [
              121.14735047800002,
              16.486664670000039
            ],
            [
              121.14669901700006,
              16.487073430000066
            ],
            [
              121.14645205800002,
              16.487277810000023
            ]
          ]
        ]
      },
      "properties": {
        "brgy_name": "District III Pob. (Don M. Perez)",
        "brgy_code": "025005016",
        "city_name": "Bayombong",
        "prov_name": "Nueva Vizcaya"
      }
    },
    {
      "type": "Feature",
      "geometry": {
        "type": "Polygon",
        "coordinates": [
          [
            [
              121.1707235130001,
              16.47719027100004
            ],
            [
              121.16635113000007,
              16.481896866000056
            ],
            [
              121.16194140000005,
              16.487003142000049
            ],
            [
              121.16126807300009,
              16.487718118000032
            ],
            [
              121.16121126600001,
              16.487776723000025
            ],
            [
              121.16071969400002,
              16.488283851000062
            ],
            [
              121.1597939290001,
              16.489236394000045
            ],
            [
              121.15963334700007,
              16.489099478000071
            ],
            [
              121.15860253300002,
              16.490123351000022
            ],
            [
              121.1584495730001,
              16.490267750000044
            ],
            [
              121.1582885900001,
              16.490246286000058
            ],
            [
              121.15806321500008,
              16.490155063000032
            ],
            [
              121.15795052700003,
              16.490069205000054
            ],
            [
              121.15778954500001,
              16.490010178000034
            ],
            [
              121.15766075900001,
              16.489908223000043
            ],
            [
              121.15749977600001,
              16.489774071000056
            ],
            [
              121.15736025800004,
              16.489639919000069
            ],
            [
              121.15719927500004,
              16.489452106000044
            ],
            [
              121.15705439100009,
              16.489221364000059
            ],
            [
              121.15693633700005,
              16.488979891000042
            ],
            [
              121.15684511400002,
              16.488754515000039
            ],
            [
              121.15675389100011,
              16.488534506000065
            ],
            [
              121.15663047100008,
              16.488421818000063
            ],
            [
              121.15645875600001,
              16.488276934000055
            ],
            [
              121.15621728200006,
              16.488094487000069
            ],
            [
              121.15614752300007,
              16.487928138000029
            ],
            [
              121.15602410300005,
              16.487718861000076
            ],
            [
              121.15583629000002,
              16.487595441000053
            ],
            [
              121.15571823700009,
              16.487531048000051
            ],
            [
              121.15559481700006,
              16.487493486000062
            ],
            [
              121.15547676300002,
              16.48742909300006
            ],
            [
              121.15544993200001,
              16.487294940000027
            ],
            [
              121.15543383400006,
              16.487209083000039
            ],
            [
              121.15543383400006,
              16.487032002000035
            ],
            [
              121.15541237000002,
              16.486919315000023
            ],
            [
              121.15533187900007,
              16.486833457000046
            ],
            [
              121.15519236000011,
              16.486779796000064
            ],
            [
              121.15505284200003,
              16.486769064000043
            ],
            [
              121.15478453800006,
              16.486769064000043
            ],
            [
              121.15458599300007,
              16.486747600000058
            ],
            [
              121.15396889300007,
              16.48654368900003
            ],
            [
              121.15318140800002,
              16.486243441000056
            ],
            [
              121.15444512600004,
              16.485328981000066
            ],
            [
              121.15521992300012,
              16.484705364000035
            ],
            [
              121.15560627100001,
              16.484438700000055
            ],
            [
              121.15567766200002,
              16.484436600000038
            ],
            [
              121.15573015500001,
              16.48444919800005
            ],
            [
              121.15612700200006,
              16.484793552000042
            ],
            [
              121.15642306300003,
              16.484396705000051
            ],
            [
              121.15655354100011,
              16.484456068000043
            ],
            [
              121.15683040800002,
              16.484507990000054
            ],
            [
              121.1568913000001,
              16.484512190000032
            ],
            [
              121.15693539400002,
              16.484470195000029
            ],
            [
              121.15720415900012,
              16.483466529000054
            ],
            [
              121.15722725500007,
              16.483239759000071
            ],
            [
              121.15728499200009,
              16.482626819000075
            ],
            [
              121.1589168700001,
              16.480689341000073
            ],
            [
              121.16394427900002,
              16.475986309000064
            ],
            [
              121.16629663700007,
              16.47637528100006
            ],
            [
              121.16829706600004,
              16.47637528100006
            ],
            [
              121.16996409100011,
              16.476616074000049
            ],
            [
              121.1707235130001,
              16.47719027100004
            ]
          ]
        ]
      },
      "properties": {
        "brgy_name": "District IV (Pob.)",
        "brgy_code": "025005017",
        "city_name": "Bayombong",
        "prov_name": "Nueva Vizcaya"
      }
    },
    {
      "type": "Feature",
      "geometry": {
        "type": "Polygon",
        "coordinates": [
          [
            [
              121.15444512600004,
              16.485328981000066
            ],
            [
              121.15318140800002,
              16.486243441000056
            ],
            [
              121.15227447600012,
              16.485937865000039
            ],
            [
              121.1516453800001,
              16.485706580000056
            ],
            [
              121.15109722800003,
              16.485526514000071
            ],
            [
              121.1506008130001,
              16.485366469000041
            ],
            [
              121.14977261700005,
              16.485030453000036
            ],
            [
              121.14917161500011,
              16.484837274000029
            ],
            [
              121.14844182800005,
              16.48454214000003
            ],
            [
              121.14805547000003,
              16.484359693000044
            ],
            [
              121.14779074700004,
              16.484178849000045
            ],
            [
              121.14844432700011,
              16.483761749000053
            ],
            [
              121.14928341500001,
              16.483289570000068
            ],
            [
              121.14992586800008,
              16.482972825000047
            ],
            [
              121.15014100700012,
              16.482865129000061
            ],
            [
              121.15022024900009,
              16.482878498000048
            ],
            [
              121.15035672400006,
              16.482877622000046
            ],
            [
              121.15046862200006,
              16.482896587000027
            ],
            [
              121.15213541500009,
              16.484144515000025
            ],
            [
              121.15272051400007,
              16.484479045000057
            ],
            [
              121.15305617100012,
              16.484681359000035
            ],
            [
              121.15369074400007,
              16.484975342000041
            ],
            [
              121.15444512600004,
              16.485328981000066
            ]
          ]
        ]
      },
      "properties": {
        "brgy_name": "Don Domingo Maddela Pob. (District I)",
        "brgy_code": "025005014",
        "city_name": "Bayombong",
        "prov_name": "Nueva Vizcaya"
      }
    },
    {
      "type": "Feature",
      "geometry": {
        "type": "Polygon",
        "coordinates": [
          [
            [
              121.15014100700012,
              16.482865129000061
            ],
            [
              121.14992586800008,
              16.482972825000047
            ],
            [
              121.14928341500001,
              16.483289570000068
            ],
            [
              121.14844432700011,
              16.483761749000053
            ],
            [
              121.14779074700004,
              16.484178849000045
            ],
            [
              121.14734539300002,
              16.483706572000074
            ],
            [
              121.14696848500012,
              16.483345927000073
            ],
            [
              121.14664866900011,
              16.482922386000041
            ],
            [
              121.14605225500009,
              16.482305804000077
            ],
            [
              121.14556820900009,
              16.48173244000003
            ],
            [
              121.1454036560001,
              16.481559814000036
            ],
            [
              121.14531707200001,
              16.481237094000051
            ],
            [
              121.14531707200001,
              16.481095412000059
            ],
            [
              121.14531707200001,
              16.480851404000077
            ],
            [
              121.1453643000001,
              16.480599525000059
            ],
            [
              121.14532494400009,
              16.480387001000054
            ],
            [
              121.14526984500003,
              16.480229577000046
            ],
            [
              121.14444493500002,
              16.47932834900007
            ],
            [
              121.14351456200006,
              16.478458552000063
            ],
            [
              121.14327055500007,
              16.478222415000062
            ],
            [
              121.14305803200011,
              16.478041377000068
            ],
            [
              121.14292422100004,
              16.477970536000043
            ],
            [
              121.14279828100007,
              16.477765884000064
            ],
            [
              121.14275892500007,
              16.47749826300003
            ],
            [
              121.14271833200007,
              16.477362914000025
            ],
            [
              121.14288946300007,
              16.477476350000074
            ],
            [
              121.14292972700002,
              16.477552851000041
            ],
            [
              121.14310525900009,
              16.47769504300004
            ],
            [
              121.1432233270001,
              16.477758013000027
            ],
            [
              121.14393173700012,
              16.478277514000069
            ],
            [
              121.14412851800012,
              16.478387711000039
            ],
            [
              121.1443331700001,
              16.478379840000059
            ],
            [
              121.1455065880001,
              16.47805614400005
            ],
            [
              121.14556688200003,
              16.478054317000044
            ],
            [
              121.14563945800012,
              16.478052118000051
            ],
            [
              121.14610419500002,
              16.478316870000072
            ],
            [
              121.14654498300001,
              16.478537264000067
            ],
            [
              121.14744230300005,
              16.479056765000053
            ],
            [
              121.14836365700012,
              16.47957606600005
            ],
            [
              121.14863190000005,
              16.480062548000035
            ],
            [
              121.14893820100008,
              16.480630672000075
            ],
            [
              121.14924717700001,
              16.481202661000054
            ],
            [
              121.14951154100004,
              16.481766525000069
            ],
            [
              121.15014100700012,
              16.482865129000061
            ]
          ]
        ]
      },
      "properties": {
        "brgy_name": "Don Tomas Maddela Pob. (District II)",
        "brgy_code": "025005015",
        "city_name": "Bayombong",
        "prov_name": "Nueva Vizcaya"
      }
    }
  ]
}
